Sherwood number,Power number,Membrane area list,cp (TDS) list,Pressure drop list,K (TDS) list,f list,Re list,Sh (TDS) list,Pn list,Telescoping potential list,Inlet velocity list,Outlet velocity list,Number of pressure vessels list
10.0,100000.0,[44147.484000000004],[1.6822917084179079],[-12757.051485040358],[1.9484203717268066e-05],[0.19752280586107232],[126.06512338462912],[10.0],[99999.99999999999],[0.02126175247506726],[0.2],[0.10012272619282465],[180.0]
10.0,138949.5494373139,[44147.484000000004],[1.682310424326116],[-17726.77392127326],[1.948420810613499e-05],[0.2744895478311383],[126.06016555495857],[10.0],[138949.5494373139],[0.0295446232021221],[0.2],[0.10012272616298702],[180.0]
10.0,193069.77288832495,[44147.484000000004],[1.6823364643551855],[-24633.026776864426],[1.9484214209241414e-05],[0.3814647615574189],[126.05327580340877],[10.0],[193069.77288832495],[0.04105504462810738],[0.2],[0.10012272612149835],[180.0]
10.0,268269.57952797273,[44147.484000000004],[1.6823727132254256],[-34230.86808558348],[1.9484222698746026e-05],[0.5301648295456517],[126.04370084532536],[10.0],[268269.57952797273],[0.05705144680930581],[0.2],[0.10012272606379337],[180.0]
10.0,372759.3720314938,[44147.484000000004],[1.682423209083995],[-47570.182576788764],[1.9484234512782127e-05],[0.7368959480183083],[126.03039324058508],[10.0],[372759.37203149375],[0.07928363762798128],[0.2],[0.10012272598350307],[180.0]
10.0,517947.46792312124,[44147.484000000004],[1.6824936206191263],[-66111.20185417966],[1.9484250962955856e-05],[1.024366472503393],[126.01189611777727],[10.0],[517947.46792312135],[0.11018533642363275],[0.2],[0.10012272587172824],[180.0]
10.0,719685.6730011514,[44147.484000000004],[1.6825919360830255],[-91885.66223866196],[1.948427388737905e-05],[1.4242282991931863],[125.98618234180842],[10.0],[719685.6730011513],[0.15314277039776994],[0.2],[0.1001227257160084],[180.0]
10.0,1000000.0,[44147.484000000004],[1.6827294712753074],[-127721.98146167834],[1.9484305870439083e-05],[1.980653124136976],[125.95042976528123],[10.0],[1000000.0],[0.21286996910279724],[0.2],[0.10012272549884461],[180.0]
10.0,1389495.494373136,[44147.484000000004],[1.682922368468643],[-177560.57026164996],[1.9484350562086974e-05],[2.7553895187617674],[125.90070647343009],[10.0],[1389495.494373136],[0.2959342837694166],[0.2],[0.10012272519556338],[180.0]
10.0,1930697.7288832497,[44147.484000000004],[1.6831938708133645],[-246896.69847463976],[1.948441314876846e-05],[3.834961978425963],[125.83152864009836],[10.0],[1930697.7288832492],[0.411494497457733],[0.2],[0.1001227247711845],[180.0]
10.0,2682695.7952797273,[44147.484000000004],[1.6835778574969287],[-343405.15004479286],[1.9484501061563655e-05],[5.341013632368872],[125.73523683918947],[10.0],[2682695.795279727],[0.5723419167413214],[0.2],[0.10012272417574483],[180.0]
10.0,3727593.720314938,[44147.484000000004],[1.6841244928171595],[-477826.50285997044],[1.948462506701841e-05],[7.445352567227135],[125.6011112079196],[10.0],[3727593.7203149376],[0.7963775047666174],[0.2],[0.1001227233371666],[180.0]
10.0,5179474.6792312125,[44147.484000000004],[1.684909534457558],[-665235.0317721891],[1.9484800997552213e-05],[10.392215758729002],[125.4141062207389],[10.0],[5179474.6792312125],[1.1087250529536485],[0.2],[0.10012272215008354],[180.0]
10.0,7196856.730011513,[nan],[nan],[nan],[nan],[nan],[nan],[nan],[nan],[nan],[nan],[nan],[nan]
10.0,10000000.0,[nan],[nan],[nan],[nan],[nan],[nan],[nan],[nan],[nan],[nan],[nan],[nan]
12.385989684455543,100000.0,[44147.484000000004],[1.5211134737632217],[-12785.961016935998],[2.413340704942864e-05],[0.19857351626254416],[125.8568077568913],[12.385989684455541],[100000.00000000015],[0.021309935028226663],[0.2],[0.10012281282957897],[180.0]
12.385989684455543,138949.5494373139,[44147.484000000004],[1.5211270880617491],[-17767.116061403183],[2.4133413621109786e-05],[0.2759558118731864],[125.85093809979783],[12.385989684455541],[138949.54943731386],[0.029611860102338638],[0.2],[0.10012281279697262],[180.0]
12.385989684455543,193069.77288832495,[44147.484000000004],[1.5211460336093057],[-24689.415199898147],[2.4133422760629192e-05],[0.38351431516280915],[125.8427809915285],[12.385989684455541],[193069.77288832495],[0.04114902533316357],[0.2],[0.10012281275163672],[180.0]
12.385989684455543,268269.57952797273,[44147.484000000004],[1.5211724134976419],[-34309.86339950572],[2.413343547579212e-05],[0.5330362301389281],[125.83144431929993],[12.385989684455541],[268269.57952797273],[0.057183105665842865],[0.2],[0.10012281268858543],[180.0]
12.385989684455543,372759.3720314938,[44147.484000000004],[1.5212091747669765],[-47681.190757742814],[2.413345317407703e-05],[0.7409312964790982],[125.8156874142683],[12.385989684455541],[372759.37203149387],[0.07946865126290469],[0.2],[0.10012281260086563],[180.0]
12.385989684455543,517947.46792312124,[44147.484000000004],[1.5212604602934134],[-66267.85399330292],[2.4133477824989063e-05],[1.030061709800537],[125.79378428041682],[12.385989684455541],[517947.46792312124],[0.11044642332217156],[0.2],[0.10012281247876577],[180.0]
12.385989684455543,719685.6730011514,[44147.484000000004],[1.5213321194518143],[-92107.98698901806],[2.4133512191935946e-05],[1.4323124999313221],[125.76333260665308],[12.385989684455541],[719685.6730011515],[0.15351331164836343],[0.2],[0.10012281230869578],[180.0]
12.385989684455543,1000000.0,[44147.484000000004],[1.5214324598616842],[-128039.92099378924],[2.4133560166669778e-05],[1.9922170578688252],[125.72098655695697],[12.385989684455541],[1000000.0000000012],[0.21339986832298208],[0.2],[0.10012281207158522],[180.0]
12.385989684455543,1389495.494373136,[44147.484000000004],[1.5215733740598143],[-178019.83796469928],[2.4133627257953638e-05],[2.7721003804846784],[125.66208192184808],[12.385989684455541],[1389495.4943731357],[0.29669972994116545],[0.2],[0.1001228117405733],[180.0]
12.385989684455543,1930697.7288832497,[44147.484000000004],[1.5217720654182971],[-247568.8282243079],[2.4133721317660506e-05],[3.8594330875327842],[125.58010833040439],[12.385989684455541],[1930697.7288832492],[0.4126147137071798],[0.2],[0.10012281127763145],[180.0]
12.385989684455543,2682695.7952797273,[44147.484000000004],[1.5220537610404024],[-344405.23697601596],[2.4133853642900657e-05],[5.377460356994549],[125.46596233107982],[12.385989684455541],[2682695.7952797273],[0.5740087282933599],[0.2],[0.10012281062854202],[180.0]
12.385989684455543,3727593.720314938,[44147.484000000004],[1.5224561027362733],[-479345.3940519865],[2.413404069366537e-05],[7.500790812748738],[125.30688291985882],[12.385989684455541],[3727593.7203149386],[0.7989089900866442],[0.2],[0.10012280971527057],[180.0]
12.385989684455543,5179474.6792312125,[44147.484000000004],[1.5230364858518584],[-667599.2997280053],[2.4134306856442833e-05],[10.478716516090685],[125.08491981468777],[12.385989684455541],[5179474.6792312125],[1.1126654995466754],[0.2],[0.10012280842406734],[180.0]
12.385989684455543,7196856.730011513,[nan],[nan],[nan],[nan],[nan],[nan],[nan],[nan],[nan],[nan],[nan],[nan]
12.385989684455543,10000000.0,[nan],[nan],[nan],[nan],[nan],[nan],[nan],[nan],[nan],[nan],[nan],[nan]
15.341274046343907,100000.0,[44147.484000000004],[1.4024416816286929],[-12808.3486583724],[2.9891906073397543e-05],[0.1993981933321519],[125.69868835296629],[15.341274046343901],[100000.00000000001],[0.021347247763954],[0.2],[0.10012287678041211],[180.0]
15.341274046343907,138949.5494373139,[44147.484000000004],[1.4024512915767762],[-17798.37945298149],[2.9891915513102817e-05],[0.27710743005484895],[125.69200154860057],[15.341274046343901],[138949.54943731392],[0.02966396575496915],[0.2],[0.10012287674516454],[180.0]
15.341274046343907,193069.77288832495,[44147.484000000004],[1.4024646668929184],[-24733.156682075034],[2.9891928642609895e-05],[0.38512556289754335],[125.68270861632386],[15.341274046343901],[193069.77288832545],[0.041221927803458396],[0.2],[0.10012287669615864],[180.0]
15.341274046343907,268269.57952797273,[44147.484000000004],[1.4024832949880568],[-34371.22397482984],[2.989194691127811e-05],[0.5352964710631517],[125.66979294575053],[15.341274046343901],[268269.57952797355],[0.057285373291383064],[0.2],[0.10012287662800794],[180.0]
15.341274046343907,372759.3720314938,[44147.484000000004],[1.402509262035311],[-47767.576170235465],[2.9891972344381412e-05],[0.7441133218104937],[125.65184052945797],[15.341274046343909],[372759.37203149375],[0.07961262695039244],[0.2],[0.10012287653320227],[180.0]
15.341274046343907,517947.46792312124,[44147.484000000004],[1.4025455043424064],[-66390.0626285046],[2.9892007778103036e-05],[1.0345633150556126],[125.62688384098787],[15.341274046343909],[517947.46792312124],[0.11065010438084098],[0.2],[0.10012287640125653],[180.0]
15.341274046343907,719685.6730011514,[44147.484000000004],[1.4025961746683187],[-92282.00860821574],[2.9892057196120494e-05],[1.4387228456638979],[125.59218365063619],[15.341274046343909],[719685.6730011515],[0.15380334768035955],[0.2],[0.10012287621750504],[180.0]
15.341274046343907,1000000.0,[44147.484000000004],[1.402667184341832],[-128289.8877688054],[2.9892126216922813e-05],[2.001425696861153],[125.54392342522779],[15.341274046343909],[999999.9999999998],[0.21381647961467568],[0.2],[0.10012287596138274],[180.0]
15.341274046343907,1389495.494373136,[44147.484000000004],[1.4027670211120449],[-178383.00978905478],[2.9892222809407854e-05],[2.7854818609423626],[125.47677995950475],[15.341274046343909],[1389495.4943731357],[0.2973050163150913],[0.2],[0.10012287560395056],[180.0]
15.341274046343907,1930697.7288832497,[44147.484000000004],[1.4029080119361967],[-248104.26297477167],[2.989235836301951e-05],[3.8791691278027285],[125.38331751708184],[15.341274046343909],[1930697.7288832492],[0.4135071049579528],[0.2],[0.100122875104289],[180.0]
15.341274046343907,2682695.7952797273,[44147.484000000004],[1.403108326284459],[-345209.2988388636],[2.9892549325292947e-05],[5.40711909569193],[125.25312784214998],[15.341274046343909],[2682695.7952797273],[0.575348831398106],[0.2],[0.10012287440415471],[180.0]
15.341274046343907,3727593.720314938,[44147.484000000004],[1.40339525257979],[-480580.2486582664],[2.9892819779588862e-05],[7.546399098802243],[125.07159939073958],[15.341274046343909],[3727593.720314937],[0.8009670810971106],[0.2],[0.1001228734198963],[180.0]
15.341274046343907,5179474.6792312125,[44147.484000000004],[1.403810737660826],[-669546.6593387333],[2.9893205643027468e-05],[10.550803893763646],[124.81813589316394],[15.341274046343909],[5179474.679231212],[1.1159110988978886],[0.2],[0.10012287202989628],[180.0]
15.341274046343907,7196856.730011513,[nan],[nan],[nan],[nan],[nan],[nan],[nan],[nan],[nan],[nan],[nan],[nan]
15.341274046343907,10000000.0,[nan],[nan],[nan],[nan],[nan],[nan],[nan],[nan],[nan],[nan],[nan],[nan]
19.00168620844212,100000.0,[44147.484000000004],[1.3135503763160608],[-12825.476711053625],[3.702437433789367e-05],[0.20003760560286513],[125.58024904233032],[19.00168620844212],[100000.0],[0.02137579451842271],[0.2],[0.1001229248062154],[180.0]
19.00168620844212,138949.5494373139,[44147.484000000004],[1.313557016216477],[-17822.315676942348],[3.7024387471618894e-05],[0.2780009515963827],[125.57284997761815],[19.00168620844212],[138949.54943731386],[0.029703859461570583],[0.2],[0.10012292476849959],[180.0]
19.00168620844212,193069.77288832495,[44147.484000000004],[1.3135662590598978],[-24766.680426957355],[3.702440574065455e-05],[0.38637688893647426],[125.56256696107053],[19.00168620844212],[193069.77288832498],[0.041277800711595584],[0.2],[0.10012292471606371],[180.0]
19.00168620844212,268269.57952797273,[44147.484000000004],[1.3135791342769936],[-34418.316245413764],[3.702443116363625e-05],[0.5370540969807334],[125.54827479640963],[19.00168620844212],[268269.5795279728],[0.057363860409022936],[0.2],[0.10012292464314677],[180.0]
19.00168620844212,372759.3720314938,[44147.484000000004],[1.3135970868126594],[-47833.99912348297],[3.702446656269767e-05],[0.7465921280974276],[125.52840824643674],[19.00168620844212],[372759.3720314939],[0.07972333187247162],[0.2],[0.10012292454171774],[180.0]
19.00168620844212,517947.46792312124,[44147.484000000004],[1.3136221525819791],[-66484.26953351997],[3.7024515892604735e-05],[1.0380784590276548],[125.50078897314526],[19.00168620844212],[517947.4679231215],[0.11080711588919996],[0.2],[0.1001229244005674],[180.0]
19.00168620844212,719685.6730011514,[44147.484000000004],[1.3136572150523855],[-92416.61220374977],[3.7024584713346964e-05],[1.4437444687569039],[125.46238350881515],[19.00168620844212],[719685.6730011518],[0.15402768700624964],[0.2],[0.10012292420402333],[180.0]
19.00168620844212,1000000.0,[44147.484000000004],[1.3137063866470566],[-128484.09903037963],[3.702468087661807e-05],[2.0086698758742476],[125.40896391912],[19.00168620844212],[1000000.0000000003],[0.2141401650506327],[0.2],[0.10012292393011989],[180.0]
19.00168620844212,1389495.494373136,[44147.484000000004],[1.3137755872770884],[-178666.80867805076],[3.7024815538199875e-05],[2.7960664571989335],[125.33463037169963],[19.00168620844212],[1389495.494373136],[0.2977780144634179],[0.2],[0.10012292354796894],[180.0]
19.00168620844212,1930697.7288832497,[44147.484000000004],[1.313873443434991],[-248525.7384351459],[3.7025004680260566e-05],[3.8948889865395797],[125.2311361538056],[19.00168620844212],[1930697.7288832497],[0.41420956405857645],[0.2],[0.10012292301393565],[180.0]
19.00168620844212,2682695.7952797273,[44147.484000000004],[1.3140127252810587],[-345847.9258414283],[3.7025271456910267e-05],[5.430946487110975],[125.08692698045806],[19.00168620844212],[2682695.795279727],[0.5764132097357139],[0.2],[0.10012292226598801],[180.0]
19.00168620844212,3727593.720314938,[44147.484000000004],[1.3142127169260482],[-481571.54548910615],[3.702564991782615e-05],[7.583420484446648],[124.88576092497503],[19.00168620844212],[3727593.7203149376],[0.8026192424818437],[0.2],[0.10012292121517444],[180.0]
19.00168620844212,5179474.6792312125,[44147.484000000004],[1.3145032612102232],[-671129.185428415],[3.702619113443715e-05],[10.610025942551632],[124.6047003673829],[19.00168620844212],[5179474.6792312125],[1.1185486423806916],[0.2],[0.1001229197324266],[180.0]
19.00168620844212,7196856.730011513,[nan],[nan],[nan],[nan],[nan],[nan],[nan],[nan],[nan],[nan],[nan],[nan]
19.00168620844212,10000000.0,[nan],[nan],[nan],[nan],[nan],[nan],[nan],[nan],[nan],[nan],[nan],[nan]
23.535468936502525,100000.0,[44147.484000000004],[1.246021354308941],[-12838.501320144875],[4.585863751845168e-05],[0.2005302139519513],[125.49211953049772],[23.535468936502525],[100000.00000000001],[0.021397502200241458],[0.2],[0.10012296138055639],[180.0]
23.535468936502525,138949.5494373139,[44147.484000000004],[1.2460258730859644],[-17840.53101993591],[4.5858655347010586e-05],[0.2786898010507092],[125.48411187424722],[23.535468936502525],[138949.5494373139],[0.02973421836655984],[0.2],[0.10012296134059033],[180.0]
23.535468936502525,193069.77288832495,[44147.484000000004],[1.2460321640399903],[-24792.218021887547],[4.585868014842481e-05],[0.38734249384315833],[125.47298283871677],[23.535468936502525],[193069.77288832492],[0.04132036336981258],[0.2],[0.10012296128502737],[180.0]
23.535468936502525,268269.57952797273,[44147.484000000004],[1.2460409287377714],[-34454.24030996528],[4.585871466537968e-05],[0.5384121450897533],[125.45751439263957],[23.535468936502525],[268269.57952797273],[0.057423733849942135],[0.2],[0.10012296120776433],[180.0]
23.535468936502525,372759.3720314938,[44147.484000000004],[1.2460531525630218],[-47884.765809590805],[4.5858762733871316e-05],[0.7485107580124827],[125.43601197027188],[23.535468936502525],[372759.37203149387],[0.07980794301598466],[0.2],[0.10012296110029459],[180.0]
23.535468936502525,517947.46792312124,[44147.484000000004],[1.2460702251439841],[-66556.4553023074],[4.585882973255006e-05],[1.0408056449609753],[125.40611688336325],[23.535468936502525],[517947.4679231212],[0.11092742550384566],[0.2],[0.10012296095074721],[180.0]
23.535468936502525,719685.6730011514,[44147.484000000004],[1.2460941169758837],[-92520.1018298704],[4.585892322928348e-05],[1.4476526751121959],[125.36454380888722],[23.535468936502525],[719685.6730011513],[0.15420016971645067],[0.2],[0.10012296074252852],[180.0]
23.535468936502525,1000000.0,[44147.484000000004],[1.2461276429269],[-128634.08045831921],[4.585905392297512e-05],[2.0143310769441847],[125.30671241074162],[23.535468936502525],[1000000.0],[0.21439013409719868],[0.2],[0.10012296045238953],[180.0]
23.535468936502525,1389495.494373136,[44147.484000000004],[1.2461748637271663],[-178887.2214174721],[4.5859237037566586e-05],[2.8043820303757276],[125.22622841614229],[23.535468936502525],[1389495.4943731357],[0.29814536902912014],[0.2],[0.10012296004765218],[180.0]
23.535468936502525,1930697.7288832497,[44147.484000000004],[1.2462417132343668],[-248855.40453977406],[4.5859494427914974e-05],[3.907321397724828],[125.11414872669802],[23.535468936502525],[1930697.7288832497],[0.4147590075662901],[0.2],[0.10012295948218083],[180.0]
23.535468936502525,2682695.7952797273,[44147.484000000004],[1.246337007156888],[-346351.7466249664],[4.5859857843396086e-05],[5.449944695626753],[124.95793298863104],[23.535468936502525],[2682695.7952797273],[0.5772529110416107],[0.2],[0.10012295869044009],[180.0]
23.535468936502525,3727593.720314938,[44147.484000000004],[1.246474118155616],[-482361.48489387706],[4.5860374145828466e-05],[7.613223820737138],[124.7399325201242],[23.535468936502525],[3727593.7203149386],[0.8039358081564617],[0.2],[0.10012295757854922],[180.0]
23.535468936502525,5179474.6792312125,[44147.484000000004],[1.2466738557354995],[-672404.6252157694],[4.5861113967509434e-05],[10.658229020569639],[124.43518154108014],[23.535468936502525],[5179474.6792312125],[1.1206743753596156],[0.2],[0.10012295601045794],[180.0]
23.535468936502525,7196856.730011513,[nan],[nan],[nan],[nan],[nan],[nan],[nan],[nan],[nan],[nan],[nan],[nan]
23.535468936502525,10000000.0,[nan],[nan],[nan],[nan],[nan],[nan],[nan],[nan],[nan],[nan],[nan],[nan]
29.151007546634403,100000.0,[44147.484000000004],[1.194126657792274],[-12848.390163058444],[5.680074117586508e-05],[0.20090893473397173],[125.4266480655265],[29.151007546634396],[100000.0],[0.021413983605097407],[0.2],[0.10012298955100944],[180.0]
29.151007546634403,138949.5494373139,[44147.484000000004],[1.1941297001973263],[-17854.37121454091],[5.680076491862125e-05],[0.27921974950468564],[125.41812778847267],[29.151007546634396],[138949.54943731386],[0.029757285357568185],[0.2],[0.10012298950903922],[180.0]
29.151007546634403,193069.77288832495,[44147.484000000004],[1.1941339361943375],[-24811.641569253716],[5.680079794941767e-05],[0.38808604162012583],[125.40628611428713],[29.151007546634396],[193069.77288832498],[0.041352735948756186],[0.2],[0.10012298945069072],[180.0]
29.151007546634403,268269.57952797273,[44147.484000000004],[1.1941398386900635],[-34481.6017037478],[5.68008439235533e-05],[0.5394592015136409],[125.38982677497324],[29.151007546634396],[268269.57952797273],[0.057469336172913006],[0.2],[0.10012298936955574],[180.0]
29.151007546634403,372759.3720314938,[44147.484000000004],[1.1941480722636977],[-47923.504786754835],[5.680090795526093e-05],[0.7499925413914105],[125.36694618596353],[29.151007546634396],[372759.3720314938],[0.07987250797792474],[0.2],[0.1001229892567031],[180.0]
29.151007546634403,517947.46792312124,[44147.484000000004],[1.194159574822667],[-66611.6774797669],[5.680099721901587e-05],[1.0429166965612215],[125.33513357829165],[29.151007546634396],[517947.46792312124],[0.11101946246627815],[0.2],[0.10012298909967071],[180.0]
29.151007546634403,719685.6730011514,[44147.484000000004],[1.1941756776477002],[-92599.53489515978],[5.680112181631288e-05],[1.4506870811598027],[125.29089114916624],[29.151007546634396],[719685.6730011515],[0.15433255815859964],[0.2],[0.10012298888104074],[180.0]
29.151007546634403,1000000.0,[44147.484000000004],[1.1941982850264408],[-128749.69534514619],[5.680129604124238e-05],[2.018743881346402],[125.22934105669833],[29.151007546634396],[1000000.0000000002],[0.21458282557524366],[0.2],[0.10012298857641448],[180.0]
29.151007546634403,1389495.494373136,[44147.484000000004],[1.1942301489489044],[-179058.0609499327],[5.6801540259429974e-05],[2.8108965255678995],[125.14367122068339],[29.151007546634396],[1389495.494373136],[0.2984301015832212],[0.2],[0.10012298815150593],[180.0]
29.151007546634403,1930697.7288832497,[44147.484000000004],[1.1942753001239552],[-249112.65665119467],[5.680188375755689e-05],[3.917122143891399],[125.02434932497151],[29.151007546634396],[1930697.7288832497],[0.4151877610853245],[0.2],[0.10012298755792523],[180.0]
29.151007546634403,2682695.7952797273,[44147.484000000004],[1.194339744519144],[-346748.08488619974],[5.680236918087244e-05],[5.4650348446245305],[124.85799918368619],[29.151007546634396],[2682695.7952797273],[0.5779134748103328],[0.2],[0.10012298672696424],[180.0]
29.151007546634403,3727593.720314938,[44147.484000000004],[1.1944326263830318],[-482988.70829056326],[5.680305966999849e-05],[7.637105775816226],[124.62577667911714],[29.151007546634396],[3727593.7203149376],[0.804981180484272],[0.2],[0.10012298556024957],[180.0]
29.151007546634403,5179474.6792312125,[44147.484000000004],[1.1945682397677986],[-673427.8423462207],[5.680405078693024e-05],[10.697240455054327],[124.30098645689668],[29.151007546634396],[5179474.6792312125],[1.122379737243701],[0.2],[0.10012298391531035],[180.0]
29.151007546634403,7196856.730011513,[nan],[nan],[nan],[nan],[nan],[nan],[nan],[nan],[nan],[nan],[nan],[nan]
29.151007546634403,10000000.0,[nan],[nan],[nan],[nan],[nan],[nan],[nan],[nan],[nan],[nan],[nan],[nan]
36.106407876409946,100000.0,[44147.484000000004],[1.1538705320826042],[-12855.910441856866],[7.035361363387426e-05],[0.20120036491731366],[125.37790917094085],[36.106407876409946],[99999.99999999999],[0.021426517403094775],[0.2],[0.1001230114478194],[180.0]
36.106407876409946,138949.5494373139,[44147.484000000004],[1.1538725649379302],[-17864.904098311294],[7.035364478352927e-05],[0.2796278141051657],[125.36896155808407],[36.106407876409946],[138949.54943731386],[0.029774840163852158],[0.2],[0.10012301140409907],[180.0]
36.106407876409946,193069.77288832495,[44147.484000000004],[1.1538753955507481],[-24826.43832336458],[7.03536881210992e-05],[0.3886590846223704],[125.35652578389372],[36.106407876409946],[193069.77288832498],[0.04137739720560763],[0.2],[0.10012301134331789],[180.0]
36.106407876409946,268269.57952797273,[44147.484000000004],[1.1538793402103802],[-34502.47370716543],[7.035374844530311e-05],[0.5402671238839577],[125.33924032890005],[36.106407876409946],[268269.5795279728],[0.057504122845275715],[0.2],[0.10012301125880098],[180.0]
36.106407876409946,372759.3720314938,[44147.484000000004],[1.1538848435978626],[-47953.10987417556],[7.035383247219352e-05],[0.7511377590791282],[125.31521066355701],[36.106407876409946],[372759.37203149387],[0.0799218497902926],[0.2],[0.10012301114124557],[180.0]
36.106407876409946,517947.46792312124,[44147.484000000004],[1.1538925336622816],[-66653.98206613705],[7.035394962727739e-05],[1.044551790492911],[125.28179911147564],[36.106407876409946],[517947.46792312135],[0.11108997011022839],[0.2],[0.10012301097767178],[180.0]
36.106407876409946,719685.6730011514,[44147.484000000004],[1.153903302453283],[-92660.58150820386],[7.035411318906226e-05],[1.4530440694963769],[125.23533048400846],[36.106407876409946],[719685.6730011515],[0.1544343025136731],[0.2],[0.10012301074993937],[180.0]
36.106407876409946,1000000.0,[44147.484000000004],[1.1539184273711922],[-128838.91493056875],[7.035434196204422e-05],[2.0221842440353432],[125.17067842066403],[36.106407876409946],[1000000.0000000002],[0.21473152488428124],[0.2],[0.10012301043263917],[180.0]
36.106407876409946,1389495.494373136,[44147.484000000004],[1.1539397571284065],[-179190.58098135845],[7.035466276686514e-05],[2.815999271746307],[125.08068153690654],[36.106407876409946],[1389495.4943731364],[0.2986509683022641],[0.2],[0.1001230099900694],[180.0]
36.106407876409946,1930697.7288832497,[44147.484000000004],[1.1539700045457058],[-249313.4715968205],[7.035511422903826e-05],[3.9248434029626247],[124.95531433120375],[36.106407876409946],[1930697.7288832504],[0.4155224526613675],[0.2],[0.10012300937184841],[180.0]
36.106407876409946,2682695.7952797273,[44147.484000000004],[1.1540132215892027],[-347059.7874720796],[7.035575270285037e-05],[5.477005354120773],[124.78049987642957],[36.106407876409946],[2682695.7952797273],[0.5784329791201327],[0.2],[0.10012300850645163],[180.0]
36.106407876409946,3727593.720314938,[44147.484000000004],[1.154075596023026],[-483486.18507537566],[7.035666184540632e-05],[7.656201402712549],[124.53638956899226],[36.106407876409946],[3727593.7203149386],[0.8058103084589594],[0.2],[0.10012300729149232],[180.0]
36.106407876409946,5179474.6792312125,[44147.484000000004],[1.1541668358976074],[-674246.9365947678],[7.035796870910972e-05],[10.728709881408403],[124.19483019392412],[36.106407876409946],[5179474.679231212],[1.123744894324613],[0.2],[0.10012300557871487],[180.0]
36.106407876409946,7196856.730011513,[nan],[nan],[nan],[nan],[nan],[nan],[nan],[nan],[nan],[nan],[nan],[nan]
36.106407876409946,10000000.0,[nan],[nan],[nan],[nan],[nan],[nan],[nan],[nan],[nan],[nan],[nan],[nan]
44.721359549995796,100000.0,[44147.484000000004],[1.122403533674897],[-12861.650748555812],[8.714018184357092e-05],[0.2014252641356964],[125.34146079686568],[44.72135954999579],[100000.0],[0.021436084580926353],[0.2],[0.1001230285940639],[180.0]
44.721359549995796,138949.5494373139,[44147.484000000004],[1.1224048846696513],[-17872.949568720753],[8.714022223408995e-05],[0.2799429119034039],[125.33215963076618],[44.72135954999579],[138949.5494373139],[0.029788249281201253],[0.2],[0.10012302854883982],[180.0]
44.721359549995796,193069.77288832495,[44147.484000000004],[1.122406765962056],[-24837.75148799921],[8.714027843073205e-05],[0.38910194121665065],[125.31923231481741],[44.72135954999579],[193069.77288832492],[0.04139625247999868],[0.2],[0.10012302848596819],[180.0]
44.721359549995796,268269.57952797273,[44147.484000000004],[1.1224093879159704],[-34518.45243963431],[8.714035665917199e-05],[0.5408922011849779],[125.30126332124155],[44.72135954999579],[268269.57952797273],[0.05753075406605718],[0.2],[0.10012302839854448],[180.0]
44.721359549995796,372759.3720314938,[44147.484000000004],[1.1224130463946997],[-47975.81362191689],[8.714046563476453e-05],[0.7520251391081854],[125.27628283068456],[44.72135954999579],[372759.3720314937],[0.07995968936986148],[0.2],[0.10012302827694633],[180.0]
44.721359549995796,517947.46792312124,[44147.484000000004],[1.122418159400939],[-66686.49963754219],[8.714061759316667e-05],[1.0458213118359574],[125.24154807572552],[44.72135954999579],[517947.4679231212],[0.11114416606257031],[0.2],[0.10012302810774755],[180.0]
44.721359549995796,719685.6730011514,[44147.484000000004],[1.122425321131375],[-92707.64648292582],[8.714082978006097e-05],[1.45487893386536],[125.19323691895329],[44.72135954999579],[719685.6730011514],[0.1545127441382097],[0.2],[0.10012302787218468],[180.0]
44.721359549995796,1000000.0,[44147.484000000004],[1.1224353832169958],[-128907.96552350842],[8.714112663418104e-05],[2.0248716332039858],[125.12601701295952],[44.72135954999579],[1000000.0],[0.2148466092058474],[0.2],[0.10012302754397566],[180.0]
44.721359549995796,1389495.494373136,[44147.484000000004],[1.1224495796142069],[-179293.6368909038],[8.714154304353821e-05],[2.820002318951267],[125.03243723260763],[44.72135954999579],[1389495.4943731364],[0.2988227281515064],[0.2],[0.10012302708619253],[180.0]
44.721359549995796,1930697.7288832497,[44147.484000000004],[1.1224697237878103],[-249470.54653865442],[8.714212931302905e-05],[3.9309324154700476],[124.90206256471527],[44.72135954999579],[1930697.7288832497],[0.41578424423109067],[0.2],[0.10012302644672345],[180.0]
44.721359549995796,2682695.7952797273,[44147.484000000004],[1.122498529626364],[-347305.25190843135],[8.714295895746546e-05],[5.486503840876724],[124.72023339024062],[44.72135954999579],[2682695.7952797273],[0.5788420865140522],[0.2],[0.1001230255515871],[180.0]
44.721359549995796,3727593.720314938,[44147.484000000004],[1.1225401515017812],[-483880.9264611808],[8.714414134734997e-05],[7.6714605883617795],[124.4662641709328],[44.72135954999579],[3727593.7203149376],[0.8064682107686346],[0.2],[0.1001230242948757],[180.0]
44.721359549995796,5179474.6792312125,[44147.484000000004],[1.1226011264197322],[-674902.2065045176],[8.714584306693611e-05],[10.754052160798732],[124.11078365225633],[44.72135954999579],[5179474.679231212],[1.1248370108408625],[0.2],[0.10012302252321985],[180.0]
44.721359549995796,7196856.730011513,[nan],[nan],[nan],[nan],[nan],[nan],[nan],[nan],[nan],[nan],[nan],[nan]
44.721359549995796,10000000.0,[nan],[nan],[nan],[nan],[nan],[nan],[nan],[nan],[nan],[nan],[nan],[nan]
55.39182980610754,100000.0,[44147.484000000004],[1.09765395020612],[-12866.054072755513],[0.00010793200273489529],[0.20159951141026564],[125.31403604290836],[55.39182980610754],[100000.00000000001],[0.02144342345459252],[0.2],[0.10012304210036173],[180.0]
55.39182980610754,138949.5494373139,[44147.484000000004],[1.0976548446505034],[-17879.125195771543],[0.00010793205462543247],[0.2801871794926051],[125.30444400099255],[55.39182980610754],[138949.5494373139],[0.029798541992952572],[0.2],[0.10012304205386202],[180.0]
55.39182980610754,193069.77288832495,[44147.484000000004],[1.097656090250701],[-24846.443109002626],[0.00010793212682514053],[0.3894455106072089],[125.29111227051608],[55.39182980610754],[193069.77288832492],[0.041410738515004375],[0.2],[0.10012304198921686],[180.0]
55.39182980610754,268269.57952797273,[44147.484000000004],[1.0976578263671593],[-34530.743308665595],[0.00010793222733587665],[0.5413776390547518],[125.27258087321061],[55.39182980610754],[268269.57952797273],[0.057551238847775986],[0.2],[0.10012304189932682],[180.0]
55.39182980610754,372759.3720314938,[44147.484000000004],[1.0976602490571166],[-47993.30561220781],[0.00010793236736184306],[0.7527152395251997],[125.24681801291426],[55.39182980610754],[372759.37203149387],[0.079988842687013],[0.2],[0.10012304177429782],[180.0]
55.39182980610754,517947.46792312124,[44147.484000000004],[1.0976636354219613],[-66711.60620006562],[0.00010793256263740944],[1.046810417803433],[125.21099439241716],[55.39182980610754],[517947.46792312124],[0.11118601033344269],[0.2],[0.10012304160032433],[180.0]
55.39182980610754,719685.6730011514,[44147.484000000004],[1.0976683795707836],[-92744.08600511188],[0.00010793283534842282],[1.4563119548384693],[125.16116683833857],[55.39182980610754],[719685.6730011515],[0.15457347667518648],[0.2],[0.10012304135811219],[180.0]
55.39182980610754,1000000.0,[44147.484000000004],[1.097675046753607],[-128961.61626358924],[0.00010793321695151185],[2.0269769552127244],[125.09183325931497],[55.39182980610754],[1000000.0],[0.21493602710598209],[0.2],[0.10012304102063525],[180.0]
55.39182980610754,1389495.494373136,[44147.484000000004],[1.097684456734114],[-179374.05965967954],[0.00010793375238678123],[2.823150439403828],[124.995303611552],[55.39182980610754],[1389495.4943731364],[0.2989567660994659],[0.2],[0.10012304054991819],[180.0]
55.39182980610754,1930697.7288832497,[44147.484000000004],[1.097697815706036],[-249593.76785112417],[0.00010793450651883888],[3.9357433976297593],[124.86080489212763],[55.39182980610754],[1930697.7288832502],[0.415989613085207],[0.2],[0.10012303989236755],[180.0]
55.39182980610754,2682695.7952797273,[44147.484000000004],[1.0977169315144237],[-347498.9782357105],[0.00010793557426899843],[5.494049754464446],[124.67319594974609],[55.39182980610754],[2682695.7952797273],[0.5791649637261841],[0.2],[0.10012303897188986],[180.0]
55.39182980610754,3727593.720314938,[44147.484000000004],[1.0977445768347716],[-484194.5549469928],[0.00010793709711144864],[7.683657810197346],[124.41109839987556],[55.39182980610754],[3727593.7203149376],[0.8069909249116546],[0.2],[0.10012303767953541],[180.0]
55.39182980610754,5179474.6792312125,[44147.484000000004],[1.097785124657386],[-675426.5464033806],[0.00010793929104467519],[10.774445224433572],[124.04413021916348],[55.39182980610754],[5179474.679231212],[1.125710910672301],[0.2],[0.10012303585748812],[180.0]
55.39182980610754,7196856.730011513,[nan],[nan],[nan],[nan],[nan],[nan],[nan],[nan],[nan],[nan],[nan],[nan]
55.39182980610754,10000000.0,[nan],[nan],[nan],[nan],[nan],[nan],[nan],[nan],[nan],[nan],[nan],[nan]
68.60826325815647,100000.0,[44147.484000000004],[1.0780898821293705],[-12869.450505519246],[0.00013368472604098261],[0.20173512293010748],[125.29325641193952],[68.60826325815648],[100000.0],[0.02144908417586541],[0.2],[0.10012305279043753],[180.0]
68.60826325815647,138949.5494373139,[44147.484000000004],[1.078090472761141],[-17883.891530635963],[0.00013368479221951798],[0.28037738182753713],[125.28342606261549],[68.60826325815648],[138949.5494373139],[0.029806485884393268],[0.2],[0.1001230527428667],[180.0]
68.60826325815647,193069.77288832495,[44147.484000000004],[1.0780912953058948],[-24853.156772650524],[0.0001336848843022018],[0.38971321996747027],[125.2697629962369],[68.60826325815648],[193069.77288832492],[0.04142192795441754],[0.2],[0.10012305267673222],[180.0]
68.60826325815647,268269.57952797273,[44147.484000000004],[1.0780924418317128],[-34540.24762984637],[0.00013368501249800256],[0.5417562451339579],[125.25077080539504],[68.60826325815648],[268269.57952797273],[0.057567079383077285],[0.2],[0.1001230525847708],[180.0]
68.60826325815647,372759.3720314938,[44147.484000000004],[1.0780940418914706],[-48006.85185010427],[0.00013368519110401475],[0.7532541405170973],[125.22436689333593],[68.60826325815648],[372759.37203149375],[0.08001141975017378],[0.2],[0.10012305245685987],[180.0]
68.60826325815647,517947.46792312124,[44147.484000000004],[1.0780962786455663],[-66731.08720460474],[0.00013368544020287435],[1.0475840918318327],[125.18765102165159],[68.60826325815648],[517947.4679231212],[0.11121847867434125],[0.2],[0.10012305227887472],[180.0]
68.60826325815647,719685.6730011514,[44147.484000000004],[1.078099412699199],[-92772.43187723531],[0.00013368578812096238],[1.457435274150407],[125.13658075637639],[68.60826325815648],[719685.6730011515],[0.1546207197953922],[0.2],[0.1001230520310741],[180.0]
68.60826325815647,1000000.0,[44147.484000000004],[1.0781038180246767],[-129003.48358146718],[0.0001336862750395947],[2.0286318164221444],[125.06551474295398],[68.60826325815648],[1000000.0000000002],[0.21500580596911198],[0.2],[0.10012305168580471],[180.0]
68.60826325815647,1389495.494373136,[44147.484000000004],[1.0781100373646886],[-179437.0649573916],[0.00013368695839878014],[2.8256334268126535],[124.9665668088879],[68.60826325815648],[1389495.4943731362],[0.299061774928986],[0.2],[0.10012305120420616],[180.0]
68.60826325815647,1930697.7288832497,[44147.484000000004],[1.078118870038695],[-249690.75205079615],[0.00013368792117440535],[3.939553503513049],[124.82868627450071],[68.60826325815648],[1930697.7288832492],[0.4161512534179935],[0.2],[0.10012305053143065],[180.0]
68.60826325815647,2682695.7952797273,[44147.484000000004],[1.078131515468042],[-347652.266065542],[0.00013368928492816335],[5.500054305116097],[124.63633594917103],[68.60826325815648],[2682695.7952797273],[0.57942044344257],[0.2],[0.10012304958959078],[180.0]
68.60826325815647,3727593.720314938,[44147.484000000004],[1.0781498158778775],[-484444.16346969816],[0.0001336912311118976],[7.693415274447808],[124.36756674881924],[68.60826325815648],[3727593.7203149386],[0.8074069391161637],[0.2],[0.10012304826714241],[180.0]
68.60826325815647,5179474.6792312125,[44147.484000000004],[1.0781766819595937],[-675846.4177215303],[0.00013369403730894807],[10.790852869929784],[123.99116234432199],[68.60826325815648],[5179474.6792312125],[1.1264106962025506],[0.2],[0.10012304640245515],[180.0]
68.60826325815647,7196856.730011513,[nan],[nan],[nan],[nan],[nan],[nan],[nan],[nan],[nan],[nan],[nan],[nan]
68.60826325815647,10000000.0,[nan],[nan],[nan],[nan],[nan],[nan],[nan],[nan],[nan],[nan],[nan],[nan]
84.97812409839364,100000.0,[44147.484000000004],[1.062561951630066],[-12872.085104623957],[0.00016558201856484996],[0.20184115251411477],[125.27739679091887],[84.97812409839365],[99999.99999999999],[0.021453475174373262],[0.2],[0.10012306128415811],[180.0]
84.97812409839364,138949.5494373139,[44147.484000000004],[1.0625623409727614],[-17887.590764543937],[0.00016558210247622315],[0.280526160816975],[125.26737182251604],[84.97812409839365],[138949.54943731386],[0.029812651274239894],[0.2],[0.10012306123569512],[180.0]
84.97812409839364,193069.77288832495,[44147.484000000004],[1.0625628832076197],[-24858.37120624429],[0.00016558221923588233],[0.3899227543231888],[125.25343815690246],[84.97812409839365],[193069.77288832495],[0.04143061867707382],[0.2],[0.10012306116831991],[180.0]
84.97812409839364,268269.57952797273,[44147.484000000004],[1.0625636390466129],[-34547.636880085374],[0.00016558238179232033],[0.5420528229653236],[125.23406962757863],[84.97812409839365],[268269.57952797273],[0.0575793948001423],[0.2],[0.10012306107463281],[180.0]
84.97812409839364,372759.3720314938,[44147.484000000004],[1.0625646939336657],[-48017.39750169306],[0.00016558260828179372],[0.7536767517264307],[125.2071421330727],[84.97812409839365],[372759.3720314938],[0.0800289958361551],[0.2],[0.10012306094432055],[180.0]
84.97812409839364,517947.46792312124,[44147.484000000004],[1.0625661686945134],[-66746.27945106971],[0.00016558292418473276],[1.0481917020174205],[125.16969746439536],[84.97812409839365],[517947.46792312124],[0.1112437990851162],[0.2],[0.10012306076299202],[180.0]
84.97812409839364,719685.6730011514,[44147.484000000004],[1.0625682352931531],[-92794.58703191181],[0.00016558336545086653],[1.4583191560263307],[125.11761205457238],[84.97812409839365],[719685.6730011514],[0.15465764505318638],[0.2],[0.10012306051053291],[180.0]
84.97812409839364,1000000.0,[44147.484000000004],[1.0625711405966736],[-129036.29959990155],[0.00016558398309438394],[2.029937080294296],[125.04513067837806],[84.97812409839365],[1000000.0],[0.21506049933316926],[0.2],[0.10012306015876493],[180.0]
84.97812409839364,1389495.494373136,[44147.484000000004],[1.0625752430655855],[-179486.61963188264],[0.00016558485007826053],[2.8275977027142667],[124.94420671649694],[84.97812409839365],[1389495.4943731357],[0.2991443660531377],[0.2],[0.1001230596680876],[180.0]
84.97812409839364,1930697.7288832497,[44147.484000000004],[1.0625810709729848],[-249767.3421634427],[0.0001655860718750676],[3.9425783833581085],[124.80356217524574],[84.97812409839365],[1930697.7288832502],[0.4162789036057378],[0.2],[0.10012305898260024],[180.0]
84.97812409839364,2682695.7952797273,[44147.484000000004],[1.0625894176987862],[-347773.8783103836],[0.00016558780314798833],[5.504840926693136],[124.607335349034],[84.97812409839365],[2682695.795279727],[0.579623130517306],[0.2],[0.10012305802290693],[180.0]
84.97812409839364,3727593.720314938,[44147.484000000004],[1.0626015031227252],[-484643.18440550374],[0.00016559027504363006],[7.701228959976698],[124.33310891430222],[84.97812409839365],[3727593.7203149386],[0.8077386406758396],[0.2],[0.10012305667527355],[180.0]
84.97812409839364,5179474.6792312125,[44147.484000000004],[1.062619257174445],[-676182.9449777392],[0.000165593841743393],[10.804055889874308],[123.94898080435351],[84.97812409839365],[5179474.679231212],[1.1269715749628986],[0.2],[0.10012305477483538],[180.0]
84.97812409839364,7196856.730011513,[nan],[nan],[nan],[nan],[nan],[nan],[nan],[nan],[nan],[nan],[nan],[nan]
84.97812409839364,10000000.0,[nan],[nan],[nan],[nan],[nan],[nan],[nan],[nan],[nan],[nan],[nan],[nan]
105.25381684870872,100000.0,[44147.484000000004],[1.0501969622871614],[-12874.13991680353],[0.0002050899687661026],[0.20192442202188404],[125.26520513393311],[105.25381684870874],[100000.0],[0.02145689986133922],[0.2],[0.10012306805374765],[180.0]
105.25381684870872,138949.5494373139,[44147.484000000004],[1.050197218679854],[-17890.47731184813],[0.00020509007467028694],[0.2806430493143599],[125.25502161259219],[105.25381684870874],[138949.54943731386],[0.029817462186413554],[0.2],[0.10012306800454608],[180.0]
105.25381684870872,193069.77288832495,[44147.484000000004],[1.0501975757630366],[-24862.442740541504],[0.00020509022203526786],[0.3900874637131335],[125.24086748984753],[105.25381684870874],[193069.77288832492],[0.041437404567569176],[0.2],[0.10012306793614384],[180.0]
105.25381684870872,268269.57952797273,[44147.484000000004],[1.0501980735262915],[-34553.41163528584],[0.0002050904272074168],[0.5422861237729106],[125.22119234910683],[105.25381684870874],[268269.5795279728],[0.05758901939214307],[0.2],[0.10012306784102816],[180.0]
105.25381684870872,372759.3720314938,[44147.484000000004],[1.0501987682554652],[-48025.648662774685],[0.00020509071308492358],[0.7540095174503529],[125.193838263676],[105.25381684870874],[372759.37203149375],[0.08004274777129114],[0.2],[0.1001230677087278],[180.0]
105.25381684870872,517947.46792312124,[44147.484000000004],[1.050199739555382],[-66758.18445898467],[0.00020509111184371419],[1.0486707465961225],[125.15579977264414],[105.25381684870874],[517947.46792312124],[0.11126364076497447],[0.2],[0.1001230675246307],[180.0]
105.25381684870872,719685.6730011514,[44147.484000000004],[1.0502011007446483],[-92811.98256917401],[0.00020509166889020797],[1.4590171649339632],[125.10288716288308],[105.25381684870874],[719685.6730011514],[0.15468663761529],[0.2],[0.10012306726831308],[180.0]
105.25381684870872,1000000.0,[44147.484000000004],[1.0502030145425745],[-129062.12934967547],[0.0002050924486778173],[2.03097000854319],[125.02925234442814],[105.25381684870874],[1000000.0],[0.21510354891612576],[0.2],[0.10012306691116121],[180.0]
105.25381684870872,1389495.494373136,[44147.484000000004],[1.050205717304705],[-179525.74151781938],[0.00020509354342951327],[2.8291561306830677],[124.92671779399514],[105.25381684870874],[1389495.494373136],[0.29920956919636565],[0.2],[0.10012306641295868],[180.0]
105.25381684870872,1930697.7288832497,[44147.484000000004],[1.0502095575102612],[-249828.02013054685],[0.0002050950865349197],[3.9449855961677054],[124.78381995098059],[105.25381684870874],[1930697.7288832497],[0.41638003355091147],[0.2],[0.10012306571692882],[180.0]
105.25381684870872,2682695.7952797273,[44147.484000000004],[1.0502150588182029],[-347870.60535398946],[0.00020509727374315797],[5.508663439316075],[124.58443198052055],[105.25381684870874],[2682695.7952797273],[0.5797843422566491],[0.2],[0.10012306474241651],[180.0]
105.25381684870872,3727593.720314938,[44147.484000000004],[1.0502230269748571],[-484802.15413229784],[0.00020510039790073027],[7.707492824676116],[124.3057535842983],[105.25381684870874],[3727593.7203149376],[0.8080035902204965],[0.2],[0.10012306337385507],[180.0]
105.25381684870872,5179474.6792312125,[44147.484000000004],[1.0502347378679573],[-676452.9344936585],[0.00020510490832929322],[10.814683390622042],[123.91532098243606],[105.25381684870874],[5179474.6792312125],[1.1274215574894308],[0.2],[0.10012306144366258],[180.0]
105.25381684870872,7196856.730011513,[nan],[nan],[nan],[nan],[nan],[nan],[nan],[nan],[nan],[nan],[nan],[nan]
105.25381684870872,10000000.0,[nan],[nan],[nan],[nan],[nan],[nan],[nan],[nan],[nan],[nan],[nan],[nan]
130.3672689737678,100000.0,[44147.484000000004],[1.0403244828875353],[-12875.750666512833],[0.0002540244722497331],[0.20199008646491873],[125.25576924170696],[130.36726897376778],[99999.99999999999],[0.021459584444188055],[0.2],[0.1001230734626845],[180.0]
130.3672689737678,138949.5494373139,[44147.484000000004],[1.0403246516564868],[-17892.74100580728],[0.0002540246054176012],[0.2807352563823228],[125.24545679325293],[130.36726897376778],[138949.54943731386],[0.029821235009678794],[0.2],[0.10012307341287463],[180.0]
130.3672689737678,193069.77288832495,[44147.484000000004],[1.0403248867066879],[-24865.637553178825],[0.0002540247907230297],[0.39021745438833216],[125.2311234030434],[130.36726897376778],[193069.77288832495],[0.041442729255298044],[0.2],[0.10012307334362655],[180.0]
130.3672689737678,268269.57952797273,[44147.484000000004],[1.0403252143641477],[-34557.94639701794],[0.000254025048724815],[0.5424703628036952],[125.21119893152908],[130.36726897376778],[268269.57952797273],[0.057596577328363235],[0.2],[0.10012307324733417],[180.0]
130.3672689737678,372759.3720314938,[44147.484000000004],[1.0403256716850762],[-48032.13469145977],[0.00025402540822475024],[0.7542725237648652],[125.18349793881728],[130.36726897376778],[372759.37203149375],[0.0800535578190996],[0.2],[0.10012307311339602],[180.0]
130.3672689737678,517947.46792312124,[44147.484000000004],[1.0403263110818077],[-66767.55516385699],[0.000254025909699752],[1.04904978193862],[125.14497652448183],[130.36726897376778],[517947.4679231212],[0.1112792586064283],[0.2],[0.1001230729270181],[180.0]
130.3672689737678,719685.6730011514,[44147.484000000004],[1.0403272071715899],[-92825.69837612228],[0.0002540266102810184],[1.4595702338286543],[125.0913911554228],[130.36726897376778],[719685.6730011514],[0.15470949729353714],[0.2],[0.100123072667521],[180.0]
130.3672689737678,1000000.0,[44147.484000000004],[1.040328467115289],[-129082.53864398698],[0.00025402759108541145],[2.031789912240515],[125.01681816266743],[130.36726897376778],[1000000.0],[0.21513756440664494],[0.2],[0.10012307230593151],[180.0]
130.3672689737678,1389495.494373136,[44147.484000000004],[1.040330246596141],[-179556.73315498303],[0.0002540289682184987],[2.830395861588152],[124.91297344741108],[130.36726897376778],[1389495.4943731357],[0.2992612219249717],[0.2],[0.10012307180152431],[180.0]
130.3672689737678,1930697.7288832497,[44147.484000000004],[1.040332775206346],[-249876.23224795656],[0.00025403090969111376],[3.9469054872698863],[124.76824229546519],[130.36726897376778],[1930697.7288832497],[0.4164603870799276],[0.2],[0.10012307109679752],[180.0]
130.3672689737678,2682695.7952797273,[44147.484000000004],[1.0403363980615192],[-347947.7180360879],[0.0002540336622124861],[5.511721090755502],[124.56628176461871],[130.36726897376778],[2682695.7952797273],[0.5799128633934799],[0.2],[0.10012307011005227],[180.0]
130.3672689737678,3727593.720314938,[44147.484000000004],[1.0403416463999196],[-484929.34246649005],[0.00025403759517272527],[7.712519486537488],[124.28397910289507],[130.36726897376778],[3727593.7203149376],[0.8082155707774834],[0.2],[0.10012306872419857],[180.0]
130.3672689737678,5179474.6792312125,[44147.484000000004],[1.0403493618621422],[-676669.744750073],[0.0002540432759545892],[10.82324088258469],[123.88841167015578],[130.36726897376778],[5179474.6792312125],[1.1277829079167883],[0.2],[0.10012306676938892],[180.0]
130.3672689737678,7196856.730011513,[nan],[nan],[nan],[nan],[nan],[nan],[nan],[nan],[nan],[nan],[nan],[nan]
130.3672689737678,10000000.0,[nan],[nan],[nan],[nan],[nan],[nan],[nan],[nan],[nan],[nan],[nan],[nan]
161.47276486997293,100000.0,[44147.484000000004],[1.0324251625985998],[-12877.019102016302],[0.00031463469537829113],[0.20204205965443847],[125.24842048323202],[161.47276486997293],[99999.99999999999],[0.021461698503360504],[0.2],[0.10012307779316319],[180.0]
161.47276486997293,138949.5494373139,[44147.484000000004],[1.0324252736994552],[-17894.524271948696],[0.0003146348623338592],[0.28080825927463443],[125.2380033518162],[161.47276486997293],[138949.5494373139],[0.02982420711991449],[0.2],[0.10012307774285445],[180.0]
161.47276486997293,193069.77288832495,[44147.484000000004],[1.0324254284335175],[-24868.155566642017],[0.00031463509465875464],[0.39032041241728294],[125.22352440249556],[161.47276486997293],[193069.77288832495],[0.041446925944403364],[0.2],[0.10012307767291251],[180.0]
161.47276486997293,268269.57952797273,[44147.484000000004],[1.0324256441314543],[-34561.52286718797],[0.00031463541813236896],[0.5426163657332586],[125.20339747883288],[161.47276486997293],[268269.57952797273],[0.05760253811197994],[0.2],[0.10012307757565464],[180.0]
161.47276486997293,372759.3720314938,[44147.484000000004],[1.0324259451878839],[-48037.254574702696],[0.0003146358688731334],[0.7544810952898027],[125.1754147958391],[161.47276486997293],[372759.37203149387],[0.08006209095783783],[0.2],[0.10012307744037285],[180.0]
161.47276486997293,517947.46792312124,[44147.484000000004],[1.0324263661068815],[-66774.96059501696],[0.0003146364976460187],[1.0493506485496176],[125.13650123058673],[161.47276486997293],[517947.4679231212],[0.11129160099169495],[0.2],[0.10012307725212327],[180.0]
161.47276486997293,719685.6730011514,[44147.484000000004],[1.032426956011094],[-92836.55347660015],[0.0003146373761140547],[1.4600097709645152],[125.08236952790826],[161.47276486997293],[719685.6730011514],[0.1547275891276669],[0.2],[0.10012307699001692],[180.0]
161.47276486997293,1000000.0,[44147.484000000004],[1.032427785448895],[-129098.72052970003],[0.0003146386060477916],[2.0324424945279937],[125.00703460702849],[161.47276486997293],[1000000.0],[0.21516453421616671],[0.2],[0.10012307662478481],[180.0]
161.47276486997293,1389495.494373136,[44147.484000000004],[1.0324289569158125],[-179581.35920604502],[0.00031464033315592487],[2.831384415357358],[124.90212574530749],[161.47276486997293],[1389495.4943731355],[0.2993022653434083],[0.2],[0.10012307611528307],[180.0]
161.47276486997293,1930697.7288832497,[44147.484000000004],[1.0324306215724426],[-249914.63887562935],[0.0003146427683663784],[3.948439724558871],[124.75590532145179],[161.47276486997293],[1930697.7288832497],[0.4165243981260489],[0.2],[0.10012307540341236],[180.0]
161.47276486997293,2682695.7952797273,[44147.484000000004],[1.032433006653131],[-348009.3204423563],[0.00031464622156580707],[5.5141705655327815],[124.55185457089394],[161.47276486997293],[2682695.795279727],[0.5800155340705939],[0.2],[0.10012307440661297],[180.0]
161.47276486997293,3727593.720314938,[44147.484000000004],[1.0324364619751907],[-485031.2531517808],[0.00031465115705162127],[7.716557146899071],[124.26660633546707],[161.47276486997293],[3727593.7203149376],[0.8083854219196347],[0.2],[0.10012307300653582],[180.0]
161.47276486997293,5179474.6792312125,[44147.484000000004],[1.0324415418373547],[-676843.9989676017],[0.0003146582886188617],[10.830134109746295],[123.8668639660353],[161.47276486997293],[5179474.679231212],[1.1280733316126694],[0.2],[0.10012307103145608],[180.0]
161.47276486997293,7196856.730011513,[nan],[nan],[nan],[nan],[nan],[nan],[nan],[nan],[nan],[nan],[nan],[nan]
161.47276486997293,10000000.0,[nan],[nan],[nan],[nan],[nan],[nan],[nan],[nan],[nan],[nan],[nan],[nan]
200.00000000000003,100000.0,[44147.484000000004],[1.026093682979994],[-12878.022009184704],[0.00038970645322507924],[0.2020833301243845],[125.24266506758765],[200.00000000000003],[100000.0],[0.021463370015307837],[0.2],[0.10012308126584234],[180.0]
200.00000000000003,138949.5494373139,[44147.484000000004],[1.026093756159686],[-17895.934675972858],[0.0003897066620453583],[0.2808662431816982],[125.23216303628672],[200.00000000000003],[138949.54943731386],[0.029826557793288095],[0.2],[0.1001230812151256],[180.0]
200.00000000000003,193069.77288832495,[44147.484000000004],[1.0260938580788157],[-24870.147928397426],[0.00038970695262991264],[0.3904022161975429],[125.21756603434312],[200.00000000000003],[193069.77288832495],[0.04145024654732903],[0.2],[0.10012308114461621],[180.0]
200.00000000000003,268269.57952797273,[44147.484000000004],[1.0260940001516634],[-34564.3543230759],[0.00038970735722686],[0.5427324226108945],[125.19727491346467],[200.00000000000003],[268269.57952797273],[0.05760725720512651],[0.2],[0.10012308104656893],[180.0]
200.00000000000003,372759.3720314938,[44147.484000000004],[1.026094198444281],[-48041.310963815675],[0.0003897079210206084],[0.7546469872468746],[125.16906376255778],[200.00000000000003],[372759.37203149375],[0.08006885160635946],[0.2],[0.10012308091018815],[180.0]
200.00000000000003,517947.46792312124,[44147.484000000004],[1.0260944756794372],[-66780.83348808275],[0.000389708707524136],[1.049590137994962],[125.12983212897268],[200.00000000000003],[517947.46792312124],[0.11130138914680458],[0.2],[0.1001230807204078],[180.0]
200.00000000000003,719685.6730011514,[44147.484000000004],[1.0260948642046028],[-92845.1728035726],[0.0003897098064073199],[1.4603599963198868],[125.07525728277173],[200.00000000000003],[719685.6730011514],[0.154741954672621],[0.2],[0.10012308045616701],[180.0]
200.00000000000003,1000000.0,[44147.484000000004],[1.0260954104716773],[-129111.58924586166],[0.0003897113450340141],[2.0329631356905447],[124.9993043065655],[200.00000000000003],[1000000.0],[0.21518598207643608],[0.2],[0.10012308008795467],[180.0]
200.00000000000003,1389495.494373136,[44147.484000000004],[1.0260961819595011],[-179600.97926255464],[0.00038971350579736404],[2.832174318890787],[124.89353216373004],[200.00000000000003],[1389495.4943731357],[0.299334965437591],[0.2],[0.10012307957428368],[180.0]
200.00000000000003,1930697.7288832497,[44147.484000000004],[1.02609727817076],[-249945.30324942406],[0.00038971655281114497],[3.9496678809519543],[124.74610343312361],[200.00000000000003],[1930697.728883249],[0.41657550541570676],[0.2],[0.10012307885656481],[180.0]
200.00000000000003,2682695.7952797273,[44147.484000000004],[1.0260988486571612],[-348058.6203288928],[0.00038972087426115623],[5.516135388095324],[124.54035651618088],[200.00000000000003],[2682695.7952797273],[0.5800977005481546],[0.2],[0.10012307785153086],[180.0]
200.00000000000003,3727593.720314938,[44147.484000000004],[1.026101123600327],[-485113.01465909195],[0.0003897270520792408],[7.719803124146887],[124.25271744755022],[200.00000000000003],[3727593.7203149386],[0.8085216910984866],[0.2],[0.10012307643979704],[180.0]
200.00000000000003,5179474.6792312125,[44147.484000000004],[1.0261044676559101],[-676984.1556143175],[0.0003897359815560726],[10.835688676281585],[123.84958527845954],[200.00000000000003],[5179474.679231212],[1.1283069260238625],[0.2],[0.10012307444809043],[180.0]
200.00000000000003,7196856.730011513,[nan],[nan],[nan],[nan],[nan],[nan],[nan],[nan],[nan],[nan],[nan],[nan]
200.00000000000003,10000000.0,[nan],[nan],[nan],[nan],[nan],[nan],[nan],[nan],[nan],[nan],[nan],[nan]
