Sherwood number,Power number,LCOW,Energy Consumption,Volumetric Recovery,Average membrane area,Average cp (TDS),Average pressure drop,Average K (TDS),Average f,Average Re,Average Sh (TDS),Average Pn,Average telescoping potential,Inlet velocity,Outlet velocity,Channel height,Spacer porosity,Length,Number of pressure vessels,Operating pressure,Outlet bulk concentration,Outlet interface concentration
10.0,100000.0,0.21630538503638272,1.2119819387510398,0.8,26035.695692307694,1.9859928149596857,-4647.010749080043,1.6200514309632166e-05,0.08218053930424181,253.59261795204077,10.0,100000.00000000001,0.007745017915133404,0.2500000014139874,0.1500412961989246,0.0008636,0.85,6,180,3301708.2807726786,24.78841297159076,35.594607101188885
10.0,138949.5494373139,0.2164823240131563,1.213380291701764,0.8,26035.695692307694,1.9858864677211991,-6459.023035617636,1.620046594615023e-05,0.11430238911026648,253.5274913290281,10.0,138949.54943731392,0.010765038392696059,0.2500000014139874,0.1500412960125589,0.0008636,0.85,6,180,3304604.9579405263,24.788367855598302,35.573932578561426
10.0,193069.77288832495,0.21672845094481946,1.2153253637104613,0.8,26035.695692307694,1.985739252395873,-8978.694876661568,1.6200398655976154e-05,0.15904119622598045,253.436932234403,10.0,193069.772888325,0.014964491461102613,0.2500000014139874,0.1500412957528878,0.0008636,0.85,6,180,3308634.507072532,24.788304993483294,35.54520444858774
10.0,268269.57952797273,0.21707096813197738,1.2180320356907977,0.8,26035.695692307694,1.9855357693989095,-12483.4256085594,1.6200304983620082e-05,0.22141048793340912,253.31097318708262,10.0,268269.5795279727,0.020805709347598997,0.2500000014139874,0.15004129539068795,0.0008636,0.85,6,180,3314242.5136946104,24.788217310452428,35.50528495931544
10.0,372759.3720314938,0.21754791218487732,1.2218007073143364,0.8,26035.695692307694,1.9852551086627273,-17360.32573142013,1.620017449105597e-05,0.3084705694609368,253.13570657952695,10.0,372759.3720314938,0.02893387621903355,0.2500000014139874,0.15004129488471973,0.0008636,0.85,6,180,3322052.201821296,24.78809482268762,35.44981337046948
10.0,517947.46792312124,0.21821260133161996,1.2270523401202111,0.8,26035.695692307694,1.9848691659260584,-24150.531046217755,1.619999252142865e-05,0.43021605006121116,252.89169540195692,10.0,517947.46792312124,0.04025088507702959,0.2500000014139874,0.15004129417644504,0.0008636,0.85,6,180,3332937.5080083795,24.787923358178897,35.37272881119772
10.0,719685.6730011514,0.2191400348914712,1.2343788267927691,0.8,26035.695692307694,1.9843407489150575,-33612.30485262506,1.619973840938383e-05,0.6008979724609479,252.55171277862675,10.0,719685.6730011512,0.05602050808770843,0.2500000014139874,0.15004129318210246,0.0008636,0.85,6,180,3348128.3756115083,24.787682637611578,35.26560654744261
10.0,1000000.0,0.22043622454668257,1.2446163275308366,0.8,26035.695692307694,1.9836218328335793,-46811.76491749049,1.6199382851429902e-05,0.8410411707625046,252.0774980151106,10.0,1000000.0,0.07801960819581748,0.2500000014139874,0.15004129178052306,0.0008636,0.85,6,180,3369364.566302498,24.787343324140906,35.116734279828975
10.0,1389495.494373136,0.22225204875853782,1.2589539442578954,0.8,26035.695692307694,1.9826529224753358,-65255.100499412096,1.6198883964567688e-05,1.1806196786148748,251.41504379371858,10.0,1389495.494373136,0.1087585008323535,0.2500000014139874,0.15004128979383008,0.0008636,0.85,6,180,3399124.568434936,24.786862348515694,34.909825850530325
10.0,1930697.7288832497,0.22480433430512892,1.2790986758407605,0.8,26035.695692307694,1.981365822627348,-91084.92971737222,1.619818122212318e-05,1.6642575951507919,250.48763350386534,10.0,1930697.7288832497,0.15180821619562035,0.2500000014139874,0.15004128695570781,0.0008636,0.85,6,180,3440974.962976624,24.786175222934627,34.62222850550306
10.0,2682695.7952797273,0.2284090174366524,1.30753409551132,0.8,26035.695692307694,1.9796951490496735,-127379.75535136579,1.6197185799976713e-05,2.3601850812596226,249.1853166877044,10.0,2682695.7952797273,0.21229959225227635,0.2500000014139874,0.15004128285688823,0.0008636,0.85,6,180,3500122.016917573,24.78518283354103,34.222421546164774
10.0,3727593.720314938,0.23353568576981132,1.347944249141372,0.8,26035.695692307694,1.9776109032512623,-178628.03028796066,1.61957645202612e-05,3.376657773239735,247.34850021390943,10.0,3727593.7203149386,0.29771338381326773,0.2500000014139874,0.15004127684646434,0.0008636,0.85,6,180,3584322.9245175268,24.783727524957076,33.666522075747885
10.0,5179474.6792312125,0.24090280781488554,1.4059506780637274,0.8,26035.695692307694,1.9752012895332713,-251519.24017191643,1.619371161755251e-05,4.894511708556393,244.7412799847729,10.0,5179474.6792312125,0.41919873361986076,0.2500000014139874,0.15004126784174554,0.0008636,0.85,6,180,3705484.772186384,24.781547006080768,32.893402756878785
10.0,7196856.730011513,0.2516578349109806,1.490500045402511,0.8,26035.695692307694,1.9728785239482622,-356366.0191202807,1.619069549123063e-05,7.238438577201847,241.0056595342522,10.0,7196856.730011514,0.593943365200468,0.2500000014139874,0.15004125393309792,0.0008636,0.85,6,180,3882704.624673528,24.77817851478058,31.81791705641243
10.0,10000000.0,0.2677562572034784,1.61677168333145,0.8,26035.695692307694,1.9719051677317785,-509944.10349903646,1.6186149292490487e-05,11.05447945122791,235.57747174369763,10.0,10000000.0,0.8499068391650608,0.2500000014139874,0.15004123148232773,0.0008636,0.85,6,180,4148701.1451723794,24.772740017086473,30.321989460006062
12.385989684455543,100000.0,0.20387616093907662,1.124523865238157,0.8,26035.695692307694,1.7302705904519877,-4678.204215364915,2.0064487771965972e-05,0.08397510740212022,252.251256283444,12.385989684455543,100000.0,0.007797007025608193,0.2500000014139874,0.15004139834033442,0.0008636,0.85,6,180,3070603.614248475,24.81312387162894,32.82078597248155
12.385989684455543,138949.5494373139,0.20405597519324786,1.125943515771405,0.8,26035.695692307694,1.7301526722879075,-6502.806889478353,2.006441522000188e-05,0.11682280520238253,252.17324634663441,12.385989684455543,138949.5494373139,0.01083801148246392,0.2500000014139874,0.1500413981390053,0.0008636,0.85,6,180,3073551.0198071063,24.81307519174343,32.80263721094881
12.385989684455543,193069.77288832495,0.20430614725808563,1.1279185670939105,0.8,26035.695692307694,1.7299892353646962,-9040.386146706414,2.0064314250005527e-05,0.1625954571157456,252.0647581808647,12.385989684455543,193069.77288832492,0.015067310244510692,0.2500000014139874,0.15004139785845577,0.0008636,0.85,6,180,3077651.8948613075,24.813007356750333,32.77741715608119
12.385989684455543,268269.57952797273,0.2046543822950829,1.130667646755211,0.8,26035.695692307694,1.7297629346261953,-12570.801868014816,2.00641736439037e-05,0.22645054833693934,251.91383295748872,12.385989684455543,268269.57952797273,0.020951336446691355,0.2500000014139874,0.1500413974670754,0.0008636,0.85,6,180,3083360.6407819153,24.812912723233886,32.74236929547578
12.385989684455543,372759.3720314938,0.2051394608048099,1.134496709597599,0.8,26035.695692307694,1.7294500317302848,-17484.954743300208,2.006397767341993e-05,0.3156715410715008,251.7037715058169,12.385989684455543,372759.3720314938,0.029141591238833683,0.2500000014139874,0.15004139692022872,0.0008636,0.85,6,180,3091313.4904037723,24.81278049812073,32.693661330368535
12.385989684455543,517947.46792312124,0.2058158239772885,1.139835126536255,0.8,26035.695692307694,1.7290182506522385,-24329.978813912152,2.006370420925996e-05,0.4406091556120417,251.41120986548637,12.385989684455543,517947.46792312124,0.040549964689853585,0.2500000014139874,0.1500413961545,0.0008636,0.85,6,180,3102403.9581135693,24.812595346744953,32.62596414036084
12.385989684455543,719685.6730011514,0.2067602097995654,1.1472878528120294,0.8,26035.695692307694,1.7284241343200124,-33873.92591995354,2.0063321963749533e-05,0.6161019556463502,251.00337020324028,12.385989684455543,719685.6730011515,0.056456543199922576,0.2500000014139874,0.15004139507902756,0.0008636,0.85,6,180,3117892.190557087,24.812335297192796,32.53186482248556
12.385989684455543,1000000.0,0.2080814063596408,1.1577119830999836,0.8,26035.695692307694,1.7276100464257238,-47199.43640956131,2.006278639912408e-05,0.8636808419008545,250.43409190161046,12.385989684455543,1000000.0000000001,0.07866572734926887,0.2500000014139874,0.15004139356211957,0.0008636,0.85,6,180,3139565.9863105332,24.811968502605446,32.40104729169943
12.385989684455543,1389495.494373136,0.20993489183118397,1.1723314325897705,0.8,26035.695692307694,1.7265013801109557,-65841.61914356987,2.0062033513701053e-05,1.2151146044125942,249.63801751986884,12.385989684455543,1389495.4943731357,0.10973603190594979,0.2500000014139874,0.15004139140989634,0.0008636,0.85,6,180,3169983.081657154,24.811448074429244,32.21914613896182
12.385989684455543,1930697.7288832497,0.21254544836048375,1.1929136305465735,0.8,26035.695692307694,1.7250055399802964,-91995.70579340307,2.0060970114691725e-05,1.7183765193740717,248.5219043912431,12.385989684455543,1930697.7288832497,0.15332617632233844,0.2500000014139874,0.1500413883308258,0.0008636,0.85,6,180,3212846.5564524424,24.81070350186208,31.966138911004514
12.385989684455543,2682695.7952797273,0.21624347465915192,1.2220523616002605,0.8,26035.695692307694,1.723016659746424,-128840.00869905045,2.0059457980976658e-05,2.448271073455022,246.95128358027065,12.385989684455543,2682695.795279727,0.21473334783175071,0.2500000014139874,0.1500413838739206,0.0008636,0.85,6,180,3273609.9230926735,24.8096256952019,31.614081922763162
12.385989684455543,3727593.720314938,0.22152642584491955,1.2636445580305375,0.8,26035.695692307694,1.72043586513456,-181061.46990933,2.005728674830517e-05,3.52674803559944,244.72920929192935,12.385989684455543,3727593.720314938,0.30176911651555,0.2500000014139874,0.1500413773145559,0.0008636,0.85,6,180,3360505.4511715476,24.808039346381545,31.123905178326467
12.385989684455543,5179474.6792312125,0.22917034025992492,1.3237522007434404,0.8,26035.695692307694,1.7172319473080557,-255767.30735087584,2.00541244373659e-05,5.165344605700755,241.5607147685424,12.385989684455543,5179474.6792312125,0.426278845584793,0.2500000014139874,0.15004136742803098,0.0008636,0.85,6,180,3486419.989939279,24.80564809784833,30.440857311734575
12.385989684455543,7196856.730011513,0.24045232778103695,1.4123143125571263,0.8,26035.695692307694,1.7136096680121804,-364215.7413841814,2.0049419774718275e-05,7.764563028730045,236.9895422403371,12.385989684455543,7196856.7300115125,0.6070262356403024,0.2500000014139874,0.15004135199978796,0.0008636,0.85,6,180,3672656.187000943,24.801915888502474,29.48812187188626
12.385989684455543,10000000.0,0.2576532943071243,1.5469997966414397,0.8,26035.695692307694,1.7104891517721503,-525543.395332186,2.00421914965124e-05,12.184213206756127,230.27834963771204,12.385989684455543,10000000.0,0.8759056588869766,0.2500000014139874,0.1500413266525955,0.0008636,0.85,6,180,3957470.933556777,24.79578262701945,28.159389264916328
15.341274046343907,100000.0,0.19506681582077284,1.06253708563521,0.8,26035.695692307694,1.5506756972033309,-4700.992526237072,2.4850545279228092e-05,0.08532312351147352,251.29744515694665,15.341274046343905,99999.99999999996,0.007834987543728453,0.2500000014139874,0.15004147108434196,0.0008636,0.85,6,180,2906805.556491182,24.830704499169478,30.87552701533358
15.341274046343907,138949.5494373139,0.1952491946253173,1.0639755675415097,0.8,26035.695692307694,1.5505564825675595,-6534.879186765208,2.4850440973287932e-05,0.11872106994022526,251.20762788722595,15.341274046343905,138949.54943731386,0.010891465311275347,0.2500000014139874,0.15004147086807937,0.0008636,0.85,6,180,2909798.63051197,24.83065225308929,30.85982061429366
15.341274046343907,193069.77288832495,0.1955029772154375,1.065977148763663,0.8,26035.695692307694,1.550391104190357,-9085.741559800816,2.485029577739939e-05,0.16528204879681663,251.08270303544592,15.341274046343907,193069.772888325,0.015142902599668029,0.2500000014139874,0.15004147056669281,0.0008636,0.85,6,180,2913963.7541986182,24.83057944196756,30.837992993474437
15.341274046343907,268269.57952797273,0.19585632077896004,1.068763800030055,0.8,26035.695692307694,1.5501618349578887,-12635.35928500969,2.485009351806765e-05,0.23027890528397044,250.9088800462421,15.341274046343907,268269.5795279727,0.021058932141682817,0.2500000014139874,0.1500414701461895,0.0008636,0.85,6,180,2919763.3169386648,24.830477853316143,30.80765655089069
15.341274046343907,372759.3720314938,0.19634867679605938,1.0726464526482173,0.8,26035.695692307694,1.5498442829962025,-17577.6471649066,2.4849811488912093e-05,0.3211773451410213,250.66688747419389,15.341274046343905,372759.37203149387,0.029296078608177668,0.2500000014139874,0.15004146955854336,0.0008636,0.85,6,180,2927845.373149702,24.830335884050676,30.76549051325657
15.341274046343907,517947.46792312124,0.19703550394622213,1.0780620496160063,0.8,26035.695692307694,1.5494050258759795,-24464.613158825818,2.4849417683005257e-05,0.4486252496242627,250.3297340753942,15.341274046343907,517947.4679231213,0.0407743552647097,0.2500000014139874,0.15004146873546662,0.0008636,0.85,6,180,2939121.297952364,24.83013703544663,30.706874426112417
15.341274046343907,719685.6730011514,0.19799512495949104,1.0856273863372017,0.8,26035.695692307694,1.548798549464036,-34072.45137336492,2.4848866729301e-05,0.6279632337964122,249.85949718081693,15.341274046343905,719685.6730011515,0.0567874189556082,0.2500000014139874,0.15004146757900375,0.0008636,0.85,6,180,2954878.9365623672,24.829857640068145,30.625375966111815
15.341274046343907,1000000.0,0.19933887818860319,1.0962186946104573,0.8,26035.695692307694,1.547963452387662,-47497.888895976306,2.4848093807533932e-05,0.8816041252389503,249.20265921973294,15.341274046343905,1000000.0,0.07916314815996052,0.2500000014139874,0.1500414659469362,0.0008636,0.85,6,180,2976950.4483406125,24.829463334235275,30.512033467324464
15.341274046343907,1389495.494373136,0.20122650962173452,1.111092060442244,0.8,26035.695692307694,1.5468181171644602,-66301.32542638035,2.4847005295136757e-05,1.2429332241799058,248.28322162967515,15.341274046343905,1389495.494373136,0.11050220904396724,0.2500000014139874,0.15004146362934398,0.0008636,0.85,6,180,3007967.4338770336,24.82890339268085,30.35434744812716
15.341274046343907,1930697.7288832497,0.20389028053803612,1.1320715372672805,0.8,26035.695692307694,1.5452566977677245,-92725.22652758857,2.4845463892759774e-05,1.7630293063865625,246.99230093672918,15.341274046343905,1930697.7288832497,0.15454204421264764,0.2500000014139874,0.1500414603093322,0.0008636,0.85,6,180,3051761.7845269884,24.82810123361722,30.13485620056424
15.341274046343907,2682695.7952797273,0.20767442508069509,1.1618560592401153,0.8,26035.695692307694,1.5431479489053672,-130040.03471988598,2.4843263905578467e-05,2.5229926664683267,245.17191170013007,15.341274046343907,2682695.795279727,0.21673339119980994,0.2500000014139874,0.15004145549368716,0.0008636,0.85,6,180,3114024.265969573,24.826937650762016,29.829110345582734
15.341274046343907,3727593.720314938,0.21310368903669646,1.2045505849328222,0.8,26035.695692307694,1.540343813194381,-183121.7113667057,2.4840087797179343e-05,3.658392374490917,242.58860444618395,15.341274046343907,3727593.720314938,0.3052028522778429,0.2500000014139874,0.15004144838236855,0.0008636,0.85,6,180,3203453.552857772,24.825219246388286,29.402769461542263
15.341274046343907,5179474.6792312125,0.2210123199436687,1.2666616378618145,0.8,26035.695692307694,1.5367169063554986,-259490.52628091536,2.4835424258196217e-05,5.412776828763376,238.88818964677478,15.341274046343907,5179474.679231212,0.4324842104681923,0.2500000014139874,0.1500414376029172,0.0008636,0.85,6,180,3333929.160674521,24.822614167855107,28.807427561506397
15.341274046343907,7196856.730011513,0.23281430687458995,1.3591744307666391,0.8,26035.695692307694,1.5322840656148615,-371385.9938029211,2.482840006221186e-05,8.270794310369105,233.51276584307448,15.341274046343905,7196856.7300115125,0.6189766563382018,0.2500000014139874,0.15004142061658768,0.0008636,0.85,6,180,3529085.8266682476,24.818508339977143,27.974898984591018
15.341274046343907,10000000.0,0.2511497980276891,1.5025053234771513,0.8,26035.695692307694,1.5276153519596367,-540540.3737466271,2.481741056911907e-05,13.349618461681928,225.5460490667258,15.341274046343907,10000000.000000002,0.9009006229110454,0.2500000014139874,0.15004139227071592,0.0008636,0.85,6,180,3833296.6752174804,24.811654701589145,26.814010536838808
19.00168620844212,100000.0,0.1886562747370639,1.0174294188039892,0.8,26035.695692307694,1.4211950218343468,-4717.265476765028,3.0778699532567705e-05,0.08631152925668734,250.63427875868084,19.00168620844212,100000.0,0.007862109127941712,0.2500000014139874,0.15004152418931177,0.0008636,0.85,6,180,2787610.1299904487,24.843529265315762,29.472852819124235
19.00168620844212,138949.5494373139,0.18884090728111474,1.0188843266285101,0.8,26035.695692307694,1.4210816569328113,-6557.854830741188,3.077855439693056e-05,0.12011715331624982,250.53397232352344,19.00168620844212,138949.54943731386,0.010929758051235318,0.2500000014139874,0.15004152395870068,0.0008636,0.85,6,180,2790643.6536416262,24.84347358747501,29.459418188487646
19.00168620844212,193069.77288832495,0.18909786473068488,1.0209090652487631,0.8,26035.695692307694,1.4209242902309727,-9118.37313887221,3.0778352322346654e-05,0.167266036272907,250.39444155453302,19.00168620844212,193069.77288832492,0.015197288564787017,0.2500000014139874,0.15004152363728804,0.0008636,0.85,6,180,2794865.7126312754,24.84339598659263,29.440746354057396
19.00168620844212,268269.57952797273,0.18945570416426652,1.0237285440716044,0.8,26035.695692307694,1.4207059275706462,-12682.074900773214,3.077807074687084e-05,0.233121707732723,250.200263013384,19.00168620844212,268269.57952797273,0.021136791501288683,0.2500000014139874,0.15004152318878536,0.0008636,0.85,6,180,2800745.811536505,24.843287700917646,29.414793257988592
19.00168620844212,372759.3720314938,0.1899544723872122,1.027658083284388,0.8,26035.695692307694,1.4204030928155298,-17645.23619876093,3.077767795685608e-05,0.32529586953250283,249.9298684309123,19.00168620844212,372759.37203149265,0.029408726997934884,0.2500000014139874,0.15004152256189415,0.0008636,0.85,6,180,2808942.56136231,24.84313634445461,29.37871474918215
19.00168620844212,517947.46792312124,0.1906505343417578,1.0331413329477863,0.8,26035.695692307694,1.419983435709505,-24563.765463098593,3.077712917325201e-05,0.45467947882302345,249.55302024431748,19.00168620844212,517947.4679231211,0.04093960910516432,0.2500000014139874,0.15004152168361604,0.0008636,0.85,6,180,2820383.3411368104,24.842924291187234,29.328551212612997
19.00168620844212,719685.6730011514,0.1916236314582835,1.0408056351216368,0.8,26035.695692307694,1.4194025400031736,-34220.52011800775,3.077636077042779e-05,0.6370330779840854,249.0271764632336,19.00168620844212,719685.6730011515,0.057034200196679576,0.2500000014139874,0.15004152044911714,0.0008636,0.85,6,180,2836380.9283061083,24.842626227336666,29.258785771379305
19.00168620844212,1000000.0,0.1929874003748949,1.0515443916168274,0.8,26035.695692307694,1.418599758830138,-47724.02065891953,3.0775281548685674e-05,0.8955245276038659,248.29218421422215,19.00168620844212,1000000.0,0.07954003443153256,0.2500000014139874,0.15004151870593502,0.0008636,0.85,6,180,2858807.6555528822,24.84220533646976,29.161723297765118
19.00168620844212,1389495.494373136,0.19490546676845313,1.0666428212337211,0.8,26035.695692307694,1.417492995407473,-66656.32983362196,3.077375917571104e-05,1.2649569746345275,247.26238679477152,19.00168620844212,1389495.494373136,0.11109388305603662,0.2500000014139874,0.1500415162284625,0.0008636,0.85,6,180,2890362.558479244,24.841607135589854,29.02661338676743
19.00168620844212,1930697.7288832497,0.19761696894577757,1.087976871944966,0.8,26035.695692307694,1.4159726813701081,-93301.32179378108,3.0771598321491636e-05,1.7992039957523478,245.8145783527957,19.00168620844212,1930697.7288832497,0.15550220298963516,0.2500000014139874,0.1500415126748289,0.0008636,0.85,6,180,2934996.408924264,24.840749056490083,28.83840345072797
19.00168620844212,2682695.7952797273,0.20147905728463403,1.118343367900713,0.8,26035.695692307694,1.4138962063246587,-131012.21399129677,3.0768503663956876e-05,2.5851960501189817,243.76897049748746,19.00168620844212,2682695.795279727,0.21835368998549462,0.2500000014139874,0.15004150750985362,0.0008636,0.85,6,180,2998622.1650436656,24.83950182576411,28.575950321259906
19.00168620844212,3727593.720314938,0.20704248225547303,1.162045025459024,0.8,26035.695692307694,1.4110869744257293,-184839.57254880187,3.076401336691747e-05,3.77154802164353,240.85768667648188,19.00168620844212,3727593.7203149386,0.30806595424800315,0.2500000014139874,0.15004149985762752,0.0008636,0.85,6,180,3090384.123774072,24.83765382684521,28.2094321996287
19.00168620844212,5179474.6792312125,0.215198515485576,1.2260230168329738,0.8,26035.695692307694,1.4073513106323758,-262698.3414507027,3.0757370081653775e-05,5.633810823499548,236.66943778084138,19.00168620844212,5179474.6792312125,0.4378305690845045,0.2500000014139874,0.15004148819486895,0.0008636,0.85,6,180,3225136.4196658377,24.834836941841065,27.696625633514937
19.00168620844212,7196856.730011513,0.22749993619954184,1.3223219338317194,0.8,26035.695692307694,1.4025586885000323,-377806.2835283978,3.0747248738223e-05,8.745615475612594,230.5464899712374,19.00168620844212,7196856.730011514,0.6296771392139964,0.2500000014139874,0.1500414696496346,0.0008636,0.85,6,180,3428882.0711086113,24.830356854361288,26.97825993674403
19.00168620844212,10000000.0,0.2469494638772969,1.47413453976768,0.8,26035.695692307694,1.3969840620015894,-554556.5692555845,3.0731186639185465e-05,14.512131635691304,221.41666129406772,19.00168620844212,10000000.0,0.9242609487593074,0.2500000014139874,0.15004143837921996,0.0008636,0.85,6,180,3752158.1687872116,24.822800022459262,25.9841434192049
23.535468936502525,100000.0,0.1838919640889149,0.9839053734683193,0.8,26035.695692307694,1.3257914764640013,-4728.728845357324,3.8121445307592866e-05,0.08702605915626264,250.1797548479407,23.535468936502525,100000.0,0.007881214742262208,0.2500000014139874,0.15004156374355368,0.0008636,0.85,6,180,2699024.2867694935,24.85307633284152,28.438248644589617
23.535468936502525,138949.5494373139,0.18407854689707032,0.9853744092807956,0.8,26035.695692307694,1.3256881313591515,-6574.100448821303,3.812124836337883e-05,0.12112985261063575,250.07033549269968,23.535468936502525,138949.5494373139,0.010956834081368839,0.2500000014139874,0.15004156349965736,0.0008636,0.85,6,180,2702093.0342109012,24.853017474689242,28.42686724903612
23.535468936502525,193069.77288832495,0.1843382532117219,0.9874190782416521,0.8,26035.695692307694,1.3255446002476383,-9141.562285045966,3.812097410341525e-05,0.1687118328152223,249.9181118019137,23.535468936502525,193069.77288832492,0.01523593714174328,0.2500000014139874,0.15004156315969558,0.0008636,0.85,6,180,2706364.696500094,24.85293543333506,28.411047941938385
23.535468936502525,268269.57952797273,0.18469998825221406,0.9902668347193397,0.8,26035.695692307694,1.3253452936944485,-12715.494186522736,3.8120591842919583e-05,0.23520609632441,249.70623714862896,23.535468936502525,268269.57952797273,0.021192490310871226,0.2500000014139874,0.15004156268524493,0.0008636,0.85,6,180,2712315.007056136,24.852820935774414,28.389057580777425
23.535468936502525,372759.3720314938,0.18520431847567148,0.9942368109514219,0.8,26035.695692307694,1.3250686104367653,-17694.009399566858,3.8120058404470504e-05,0.32834006815202144,249.41113835154724,23.535468936502525,372759.37203149375,0.029490015665944766,0.2500000014139874,0.15004156202195762,0.0008636,0.85,6,180,2720611.8401928074,24.852660865808847,28.358483649613255
23.535468936502525,517947.46792312124,0.18590840264367664,0.9997785049134629,0.8,26035.695692307694,1.3246846548008244,-24636.11398705527,3.8119312731509294e-05,0.4592012150452227,248.99973810465312,23.535468936502525,517947.46792312124,0.04106018997842544,0.2500000014139874,0.15004156109243352,0.0008636,0.85,6,180,2732196.6623766837,24.85243654313808,28.31596554989695
23.535468936502525,719685.6730011514,0.18689323052319545,1.0075284999034408,0.8,26035.695692307694,1.3241521252928674,-34330.06836175237,3.81182678894252e-05,0.6438965658262797,248.42544167042158,23.535468936502525,719685.6730011515,0.057216780602920604,0.2500000014139874,0.15004155978538833,0.0008636,0.85,6,180,2748404.2891634107,24.852121108561185,28.25681729936841
23.535468936502525,1000000.0,0.18827447302813538,1.0183953380609105,0.8,26035.695692307694,1.3234141174476444,-47894.15409489983,3.8116798904933296e-05,0.9062300537296957,247.62225065609937,23.535468936502525,999999.9999999999,0.07982359015816638,0.2500000014139874,0.15004155793870422,0.0008636,0.85,6,180,2771142.7587804925,24.851675431863075,28.174495503494132
23.535468936502525,1389495.494373136,0.19021921628661176,1.033690135971811,0.8,26035.695692307694,1.3223925645980101,-66928.72849295883,3.811472369871078e-05,1.2822249208641707,246.49595070951742,23.535468936502525,1389495.4943731357,0.11154788082159804,0.2500000014139874,0.15004155531189295,0.0008636,0.85,6,180,2803171.4778178353,24.851041462181893,28.059844684267166
23.535468936502525,1930697.7288832497,0.19297279420803334,1.0553354567306075,0.8,26035.695692307694,1.3209811296231648,-93753.34784992761,3.81117719658173e-05,1.8282141136969787,244.91054357675048,23.535468936502525,1930697.7288832497,0.15625557974987933,0.2500000014139874,0.15004155153919166,0.0008636,0.85,6,180,2848548.6713216505,24.85013089976909,27.900018125204852
23.535468936502525,2682695.7952797273,0.19690414830420935,1.0862172588081096,0.8,26035.695692307694,1.3190368104418717,-131794.09053443384,3.810753170985166e-05,2.63638759382556,242.6665512536008,23.535468936502525,2682695.7952797273,0.21965681755738975,0.2500000014139874,0.15004154604485248,0.0008636,0.85,6,180,2913390.721961648,24.848804731957713,27.67691932215183
23.535468936502525,3727593.720314938,0.20258818991504562,1.1308215904687824,0.8,26035.695692307694,1.3163721732479017,-186258.969088734,3.810135124258234e-05,3.8674823029477268,239.46454894651902,23.535468936502525,3727593.720314937,0.31043161514789,0.2500000014139874,0.15004153787872257,0.0008636,0.85,6,180,3007256.9897512714,24.846833500830456,27.364934757373618
23.535468936502525,5179474.6792312125,0.21097039901892095,1.1965020723797808,0.8,26035.695692307694,1.312756245658407,-265429.38804506086,3.809214487243632e-05,5.827919716803442,234.84004607124552,23.535468936502525,5179474.679231211,0.44238231340843465,0.2500000014139874,0.1500415253682684,0.0008636,0.85,6,180,3145929.9967771075,24.843813179025734,26.927719552476567
23.535468936502525,7196856.730011513,0.22373844800231613,1.296331954964303,0.8,26035.695692307694,1.3079590845989655,-383462.367047914,3.807797714561265e-05,9.181297479751256,228.04251137935762,23.535468936502525,7196856.7300115125,0.6391039450798567,0.2500000014139874,0.1500415053161038,0.0008636,0.85,6,180,3357717.045842974,24.838971036989157,26.315021592468074
23.535468936502525,10000000.0,0.24420685805123518,1.455905460054876,0.8,26035.695692307694,1.3020640295539543,-567202.8163105472,3.80553515231589e-05,15.624496394496378,217.91582951336594,23.535468936502525,10000000.0,0.9453380271842452,0.2500000014139874,0.1500414715067474,0.0008636,0.85,6,180,3698420.6153234662,24.83080350603299,25.485758934501376
29.151007546634403,100000.0,0.18029116974252293,0.9585683505738222,0.8,26035.695692307694,1.2542318308742029,-4736.749894389509,4.721628794801533e-05,0.08753917804821422,249.87084239365495,29.151007546634403,100000.0,0.00789458315731585,0.2500000014139874,0.15004159368451828,0.0008636,0.85,6,180,2632072.5758002317,24.86030011922054,27.66110500792441
29.151007546634403,138949.5494373139,0.18047941720776506,0.9600493873271899,0.8,26035.695692307694,1.25414039326666,-6585.516988308457,4.721602581588173e-05,0.12185986219597922,249.75363216187588,29.151007546634403,138949.5494373139,0.010975861647180762,0.2500000014139874,0.15004159342869228,0.0008636,0.85,6,180,2635171.5376173537,24.860238403797823,27.651539043943558
29.151007546634403,193069.77288832495,0.1807414710325983,0.9621109957654504,0.8,26035.695692307694,1.254013348368361,-9157.952441427464,4.7215660717184274e-05,0.16975935020725622,249.59055430724183,29.151007546634403,193069.772888325,0.015263254069045773,0.2500000014139874,0.1500415930720676,0.0008636,0.85,6,180,2639485.768214369,24.86015237136118,27.638242169766567
29.151007546634403,268269.57952797273,0.1811065352598312,0.9649828055552115,0.8,26035.695692307694,1.253836834491068,-12739.293893801738,4.721515173073622e-05,0.2367264404484577,249.36354192753728,29.151007546634403,268269.5795279727,0.021232156489669557,0.2500000014139874,0.15004159257429384,0.0008636,0.85,6,180,2645496.3709376557,24.860032287360657,27.61975652328628
29.151007546634403,372759.3720314938,0.1816156234628926,0.9689872158968831,0.8,26035.695692307694,1.2535915983542734,-17729.081844958517,4.721444122176154e-05,0.3305798552109711,249.0473004078934,29.151007546634403,372759.3720314938,0.029548469741597524,0.2500000014139874,0.15004159187826624,0.0008636,0.85,6,180,2653879.2236941103,24.85986437493699,27.594052003782263
29.151007546634403,517947.46792312124,0.18232657958119788,0.9745787536992225,0.8,26035.695692307694,1.2532509034274792,-24688.775707447,4.721344758431709e-05,0.4625649451683415,248.60630953097242,29.151007546634403,517947.46792312124,0.04114795951241167,0.2500000014139874,0.15004159090259253,0.0008636,0.85,6,180,2665588.000204101,24.85962899706666,27.558299214301123
29.151007546634403,719685.6730011514,0.18332147530033402,0.9824019843080851,0.8,26035.695692307694,1.2527776339010641,-34410.99678937792,4.7212054414854365e-05,0.6490722768389555,247.99047883591382,29.151007546634403,719685.6730011514,0.05735166131562986,0.2500000014139874,0.1500415895301143,0.0008636,0.85,6,180,2681976.686021922,24.85929788653297,27.508549970223157
29.151007546634403,1000000.0,0.18471775395028497,0.9933786005036005,0.8,26035.695692307694,1.2521202955462847,-48022.04935630797,4.7210093953807764e-05,0.9144358802448341,247.12874912127336,29.151007546634403,1000000.0,0.08003674892717993,0.2500000014139874,0.1500415875898759,0.0008636,0.85,6,180,2704984.533331446,24.858829793942945,27.43928548917909
29.151007546634403,1389495.494373136,0.18668553718161093,1.0088423733061203,0.8,26035.695692307694,1.2512075223213708,-67137.59156235834,4.7207320917887815e-05,1.2957146344864272,245.91945906748617,29.151007546634403,1389495.494373136,0.11189598593726391,0.2500000014139874,0.15004158482767402,0.0008636,0.85,6,180,2737424.0685429145,24.85816337834722,27.342773046547144
29.151007546634403,1930697.7288832497,0.18947564145225307,1.0307570133899797,0.8,26035.695692307694,1.2499406160103221,-94107.5424657362,4.720336935716831e-05,1.8513694218743677,244.21539958063713,29.151007546634403,1930697.72888325,0.1568459041095603,0.2500000014139874,0.15004158085553634,0.0008636,0.85,6,180,2783448.8662218507,24.857205009322556,27.208141562591727
29.151007546634403,2682695.7952797273,0.19346756174358462,1.0620880816716924,0.8,26035.695692307694,1.2481836913323983,-132421.11500652498,4.7197677574957834e-05,2.678238819766333,241.79967301999378,29.151007546634403,2682695.7952797273,0.22070185834420833,0.2500000014139874,0.15004157505961602,0.0008636,0.85,6,180,2849357.831948396,24.855806522747105,27.020039762157932
29.151007546634403,3727593.720314938,0.19925815651939854,1.1074878428387165,0.8,26035.695692307694,1.245751672366058,-187425.5871575864,4.7189348335721594e-05,3.9480491784326226,238.34461004310506,29.151007546634403,3727593.720314938,0.3123759785959774,0.2500000014139874,0.1500415664192534,0.0008636,0.85,6,180,2945088.1733120037,24.85372150941098,26.756682748587004
29.151007546634403,5179474.6792312125,0.20784303584050426,1.1746907669848936,0.8,26035.695692307694,1.2424001684475154,-267734.52551766747,4.7176867052171465e-05,5.996112664893801,233.33759805291365,29.151007546634403,5179474.6792312125,0.44622420919611244,0.2500000014139874,0.15004155311920173,0.0008636,0.85,6,180,3087282.414316159,24.850511592020155,26.38716971489422
29.151007546634403,7196856.730011513,0.2210354262622555,1.277727218300615,0.8,26035.695692307694,1.2378448755152747,-388375.29968170024,4.715750030373378e-05,9.573282123299927,225.94685281870477,29.151007546634403,7196856.7300115125,0.647292166136167,0.2500000014139874,0.1500415316632153,0.0008636,0.85,6,180,3306393.4526295858,24.845332005811994,25.870064009609152
29.151007546634403,10000000.0,0.2423414058583621,1.4436994690919613,0.8,26035.695692307694,1.2321036991213759,-578085.6407030943,4.712675351981957e-05,16.63238107214337,215.06444259766485,29.151007546634403,10000000.0,0.9634760678384904,0.2500000014139874,0.1500414960734575,0.0008636,0.85,6,180,3661374.7026679637,24.836736366360494,25.201250360395345
36.106407876409946,100000.0,0.1775331825030539,0.9391617024651243,0.8,26035.695692307694,1.199774586252696,-4742.352716064871,5.8481259089590126e-05,0.08790723015625213,249.66176961970973,36.106407876409946,100000.0,0.007903921193441452,0.2500000014139874,0.15004161664332888,0.0008636,0.85,6,180,2580791.7947100885,24.865837613064556,27.068804765912304
36.106407876409946,138949.5494373139,0.17772283485564372,0.9406528289754588,0.8,26035.695692307694,1.1996954131468203,-6593.531081351899,5.8480915377354396e-05,0.12238566554179471,249.5379776023772,36.106407876409946,138949.54943731386,0.01098921846891983,0.2500000014139874,0.15004161637704386,0.0008636,0.85,6,180,2583916.3545378353,24.865773391744458,27.060816650761897
36.106407876409946,193069.77288832495,0.1779868707998009,0.942728686696165,0.8,26035.695692307694,1.199585372871595,-9169.532904024878,5.8480436586576776e-05,0.1705180072971317,249.36572805709076,36.106407876409946,193069.77288832495,0.015282554840041464,0.2500000014139874,0.150041616005804,0.0008636,0.85,6,180,2588266.6650436246,24.86568385759636,27.049712335560027
36.106407876409946,268269.57952797273,0.1783547478681208,0.9456207444892312,0.8,26035.695692307694,1.1994324153013747,-12756.251456828073,5.847976897078711e-05,0.23783546526726992,249.1259204755406,36.106407876409946,268269.57952797273,0.02126041909471345,0.2500000014139874,0.15004161548756215,0.0008636,0.85,6,180,2594328.400475918,24.86555886935558,27.03427352226515
36.106407876409946,372759.3720314938,0.17886785975258665,0.9496541702962009,0.8,26035.695692307694,1.1992197713411998,-17754.337946151823,5.84788367714531e-05,0.3322287168706962,248.791800335488,36.106407876409946,372759.3720314938,0.029590563243586374,0.2500000014139874,0.15004161476277936,0.0008636,0.85,6,180,2602784.2653236543,24.86538406673068,27.012803114880505
36.106407876409946,517947.46792312124,0.17958463456624157,0.9552877660785754,0.8,26035.695692307694,1.1989240913871333,-24727.195132121396,5.847753260198507e-05,0.465069619641201,248.32577208321086,36.106407876409946,517947.46792312124,0.041211991886869,0.2500000014139874,0.1500416137465288,0.0008636,0.85,6,180,2614598.373240599,24.865138965353978,26.982934685916206
36.106407876409946,719685.6730011514,0.18058806981847877,0.963172909112608,0.8,26035.695692307694,1.1985128373278613,-34470.95736160317,5.847570304788448e-05,0.6529796392089855,247.6747684520651,36.106407876409946,719685.6730011512,0.057451595602671955,0.2500000014139874,0.15004161231643132,0.0008636,0.85,6,180,2631141.1614616998,24.864794046135863,26.941363868776733
36.106407876409946,1000000.0,0.1819971326557493,0.974242570235622,0.8,26035.695692307694,1.197940618702343,-48118.49451402109,5.847312653096032e-05,0.9207313532855074,246.7634065053394,36.106407876409946,1000000.0,0.08019749085670182,0.2500000014139874,0.15004161029363658,0.0008636,0.85,6,180,2654378.790047312,24.864306165951117,26.883467536934116
36.106407876409946,1389495.494373136,0.18398457004696103,0.9898500692176719,0.8,26035.695692307694,1.197144029371171,-67298.17441281564,5.846947809565986e-05,1.3062539254975167,245.48363383046816,36.106407876409946,1389495.494373136,0.11216362402135942,0.2500000014139874,0.15004160741160952,0.0008636,0.85,6,180,2687169.8404951356,24.863611024674892,26.802759748072962
36.106407876409946,1930697.7288832497,0.18680597612141814,1.0119949007059275,0.8,26035.695692307694,1.1960343531029383,-94385.50794432645,5.846427085853376e-05,1.869825689498737,243.67856118792733,36.106407876409946,1930697.72888325,0.15730917990721077,0.2500000014139874,0.1500416032622499,0.0008636,0.85,6,180,2733751.1662321026,24.86261015882754,26.69010691506955
36.106407876409946,2682695.7952797273,0.19085013184978536,1.0437125394021305,0.8,26035.695692307694,1.1944872842884178,-132923.742997013,5.845675302983019e-05,2.7123277473986978,241.1161295292369,36.106407876409946,2682695.7952797273,0.22153957166168836,0.2500000014139874,0.15004159719685536,0.0008636,0.85,6,180,2800582.603786603,24.861147029339577,26.532584702895615
36.106407876409946,3727593.720314938,0.1967334433676979,1.0898030597911457,0.8,26035.695692307694,1.1923288050551992,-188381.42657904726,5.844571375619159e-05,4.015250123053616,237.44385975482314,36.106407876409946,3727593.720314938,0.3139690442984121,0.2500000014139874,0.15004158812965773,0.0008636,0.85,6,180,2897938.4999027187,24.85895956873284,26.311819244068335
36.106407876409946,5179474.6792312125,0.2054967534436627,1.1583441752825323,0.8,26035.695692307694,1.1893184920885418,-269667.11298155837,5.842908720358548e-05,6.140257390105809,232.10670855140336,36.106407876409946,5179474.6792312125,0.44944518830259733,0.2500000014139874,0.15004157411335556,0.0008636,0.85,6,180,3043238.3891507667,24.85557760650604,26.001821500186608
36.106407876409946,7196856.730011513,0.21906521166299878,1.264219788349093,0.8,26035.695692307694,1.1851540968413654,-392588.00466247584,5.840312459366833e-05,9.919641526560941,224.20633896976042,36.106407876409946,7196856.730011514,0.6543133411041265,0.2500000014139874,0.15004155139563588,0.0008636,0.85,6,180,3268846.9591197274,24.850094636503616,25.569415464560954
36.106407876409946,10000000.0,0.24097661833838366,1.4348485227964611,0.8,26035.695692307694,1.1798918375907474,-586982.7497100729,5.8362681938789266e-05,17.493316205980456,212.84124941393637,36.106407876409946,10000000.0,0.9783045828501216,0.2500000014139874,0.150041514969181,0.0008636,0.85,6,180,3634068.5632588905,24.841298227156198,25.04892163808804
44.721359549995796,100000.0,0.17539822883427317,0.9241390112224929,0.8,26035.695692307694,1.1578461896751457,-4746.274176377394,7.243413256470926e-05,0.08817195995506777,249.52042364585554,44.7213595499958,100000.00000000001,0.00791045696062899,0.2500000014139874,0.1500416344305614,0.0008636,0.85,6,180,2541095.510574803,24.87012673266615,26.61213036926498
44.721359549995796,138949.5494373139,0.17558905617653722,0.9256385511889021,0.8,26035.695692307694,1.1577787185429425,-6599.171355246748,7.243368711599751e-05,0.12276554753389084,249.3911214056137,44.7213595499958,138949.5494373139,0.01099861892541125,0.2500000014139874,0.1500416341552727,0.0008636,0.85,6,180,2544241.5441544135,24.870060353665625,26.60549498432066
44.721359549995796,193069.77288832495,0.17585475059543584,0.927726296420723,0.8,26035.695692307694,1.1576849177427704,-9177.742095181326,7.243306653266573e-05,0.17106933025217852,249.2111918812303,44.7213595499958,193069.772888325,0.015296236825302208,0.2500000014139874,0.15004163377144653,0.0008636,0.85,6,180,2548622.13344304,24.869967803250407,26.596270588729787
44.721359549995796,268269.57952797273,0.1762249826164136,0.9306352571377009,0.8,26035.695692307694,1.1575544852671322,-12768.383133950898,7.243220106060554e-05,0.23864748392557322,248.960667215298,44.7213595499958,268269.57952797273,0.021280638556584828,0.2500000014139874,0.15004163323556863,0.0008636,0.85,6,180,2554726.8036451843,24.86983858840939,26.583444510960163
44.721359549995796,372759.3720314938,0.17674146595072227,0.9346929265304504,0.8,26035.695692307694,1.1573730626834124,-17772.612976113727,7.243099231130139e-05,0.3334474599806594,248.61156646152912,44.7213595499958,372759.37203149387,0.029621021626856217,0.2500000014139874,0.1500416324859909,0.0008636,0.85,6,180,2563244.0212148624,24.869657843264186,26.565605645583286
44.721359549995796,517947.46792312124,0.17746312177406143,0.9403617065260998,0.8,26035.695692307694,1.1571206137980032,-24755.376213740004,7.242930068926841e-05,0.4669424092921448,248.12454799153434,44.7213595499958,517947.4679231211,0.04125896035623334,0.2500000014139874,0.15004163143471627,0.0008636,0.85,6,180,2575146.732824895,24.869404347193516,26.540785484213565
44.721359549995796,719685.6730011514,0.1784737315616315,0.9482987302187906,0.8,26035.695692307694,1.156769132420595,-34515.635795630624,7.242692650382668e-05,0.6559412980494747,247.44403477042647,44.7213595499958,719685.6730011514,0.05752605965938438,0.2500000014139874,0.15004162995481418,0.0008636,0.85,6,180,2591819.3383200136,24.869047489497856,26.506233626918288
44.721359549995796,1000000.0,0.17989355809015173,0.9594465386934379,0.8,26035.695692307694,1.156279380022574,-48191.61991722884,7.24235808099979e-05,0.9255776511859605,246.49098800189256,44.7213595499958,999999.9999999995,0.0803193665287147,0.2500000014139874,0.1500416278605201,0.0008636,0.85,6,180,2615250.924907151,24.868542468119383,26.458098797203082
44.721359549995796,1389495.494373136,0.18189759203503064,0.9751751285671348,0.8,26035.695692307694,1.1555962011810827,-67422.20009841376,7.241883876586211e-05,1.3145064358550282,245.15193025422988,44.7213595499958,1389495.4943731362,0.11237033349735624,0.2500000014139874,0.1500416248744362,0.0008636,0.85,6,180,2648339.5124742147,24.867822375457465,26.39097183038335
44.721359549995796,1930697.7288832497,0.1847455372091548,0.9975147242892837,0.8,26035.695692307694,1.1546417205160975,-94604.29746894301,7.241206153337626e-05,1.8845425091849937,243.2617125495602,44.7213595499958,1930697.72888325,0.15767382911490505,0.2500000014139874,0.15004162057060264,0.0008636,0.85,6,180,2695393.7206608476,24.866784458913628,26.297224296699795
44.721359549995796,2682695.7952797273,0.18883422730249605,1.02956133850534,0.8,26035.695692307694,1.1533053467694603,-133326.94742578096,7.240225772387587e-05,2.7400366383781947,240.5752539834913,44.7213595499958,2682695.7952797273,0.2222115790429683,0.2500000014139874,0.1500416142691411,0.0008636,0.85,6,180,2763013.176147942,24.865264686619835,26.166043165231123
44.721359549995796,3727593.720314938,0.19479718694992118,1.0762443214628064,0.8,26035.695692307694,1.151429082324429,-189162.93567780126,7.23878195713391e-05,4.07101012113789,236.71862237892753,44.7213595499958,3727593.7203149386,0.31527155946300217,0.2500000014139874,0.15004160482561216,0.0008636,0.85,6,180,2861767.894195411,24.86298687811811,25.982038618676054
44.721359549995796,5179474.6792312125,0.20371520841074672,1.1459442794107022,0.8,26035.695692307694,1.1487877276886198,-271278.2833189854,7.236598114516585e-05,6.2626470424680925,231.10016552751446,44.7213595499958,5179474.6792312125,0.45213047219830904,0.2500000014139874,0.15004159017402627,0.0008636,0.85,6,180,3009764.3297640556,24.85945228241097,25.723547393040302
44.721359549995796,7196856.730011513,0.2176091152540973,1.2542756296590893,0.8,26035.695692307694,1.145086947849684,-396157.37374237255,7.23317284469195e-05,10.220645801009224,222.7711027617662,44.7213595499958,7196856.7300115125,0.6602622895706209,0.2500000014139874,0.1500415663589469,0.0008636,0.85,6,180,3240999.1133720004,24.853705399472705,25.364786382210436
44.721359549995796,10000000.0,0.23992081904188436,1.428015803730627,0.8,26035.695692307694,1.140464153389576,-594035.4272180622,7.227981105816455e-05,18.20094012240649,211.14780597215054,44.7213595499958,10000000.000000002,0.9900590453634371,0.2500000014139874,0.15004152984337063,0.0008636,0.85,6,180,3612907.680113345,24.84488826772581,24.970131146791445
55.39182980610754,100000.0,0.1737315910059436,0.9124116185830539,0.8,26035.695692307694,1.125260403402262,-4749.031939766359,8.971622395641406e-05,0.08836343171345551,249.42474505077328,55.391829806107545,99999.99999999958,0.007915053232943932,0.2500000014139874,0.1500416483247897,0.0008636,0.85,6,180,2510106.9274702575,24.873476489684048,26.25677117273515
55.39182980610754,138949.5494373139,0.17392339407302806,0.9139181287395923,0.8,26035.695692307694,1.12520358606728,-6603.162111999888,8.97156519265975e-05,0.12304158985101206,249.29086208957855,55.391829806107545,138949.5494373135,0.011005270186666478,0.2500000014139874,0.15004164804185713,0.0008636,0.85,6,180,2513270.8352648346,24.873408278683957,26.25128278342468
55.39182980610754,193069.77288832495,0.17419046623507795,0.9160157263608619,0.8,26035.695692307694,1.125124579639928,-9183.596097131454,8.97148549151549e-05,0.1714723846231315,249.10454699523294,55.391829806107545,193069.7728883246,0.01530599349521909,0.2500000014139874,0.15004164764734237,0.0008636,0.85,6,180,2517676.636784072,24.87331316639936,26.243652531607154
55.39182980610754,268269.57952797273,0.17456265561723142,0.9189387042720267,0.8,26035.695692307694,1.1250146862885249,-12777.119419871466,8.971374323902648e-05,0.23924571168274833,248.84510939268372,55.391829806107545,268269.57952797273,0.02129519903311911,0.2500000014139874,0.15004164709648007,0.0008636,0.85,6,180,2523817.0750029683,24.873180359982136,26.23304228169066
55.39182980610754,372759.3720314938,0.17508194323357817,0.9230164941175155,0.8,26035.695692307694,1.1248617683423294,-17785.93057421652,8.971219032793813e-05,0.3343539157913562,248.48354572054822,55.391829806107545,372759.3720314935,0.029643217623694196,0.2500000014139874,0.15004164632582195,0.0008636,0.85,6,180,2532385.4388210475,24.872994561811634,26.218283797877454
55.39182980610754,517947.46792312124,0.17580766301787704,0.9287145059895192,0.8,26035.695692307694,1.1246488589861336,-24776.20011435796,8.971001645936869e-05,0.46835128029286954,247.97905651150054,55.391829806107545,517947.46792312124,0.04129366685726326,0.2500000014139874,0.15004164524474276,0.0008636,0.85,6,180,2544362.083356171,24.87273392104918,26.197746727425866
55.39182980610754,719685.6730011514,0.1768242545825958,0.936694696793217,0.8,26035.695692307694,1.1243521840405757,-34549.16886175502,8.970696425698215e-05,0.6581987763649284,247.2739654495002,55.391829806107545,719685.6730011514,0.057581948102925044,0.2500000014139874,0.1500416437224048,0.0008636,0.85,6,180,2561143.1510171387,24.872366889659084,26.169151890149166
55.39182980610754,1000000.0,0.17825307223893364,0.9479076576392472,0.8,26035.695692307694,1.1239383182330376,-48247.42964208286,8.9702660731782e-05,0.9293258907421601,246.28616821333767,55.391829806107545,1000000.0,0.08041238273680477,0.2500000014139874,0.15004164156708324,0.0008636,0.85,6,180,2584737.076993013,24.87184723529918,26.1293054455622
55.39182980610754,1389495.494373136,0.18027100526980028,0.9637374764931432,0.8,26035.695692307694,1.1233600436835118,-67518.50010953417,8.969655628571369e-05,1.3209893250153955,244.89762312324896,55.391829806107545,1389495.494373136,0.11253083351589029,0.2500000014139874,0.15004163849196747,0.0008636,0.85,6,180,2618075.3061530413,24.8711057907496,26.07371708795731
55.39182980610754,1930697.7288832497,0.18314125412852594,0.9862404887354127,0.8,26035.695692307694,1.1225502135638283,-94777.10538362859,8.968782198768943e-05,1.89629235009813,242.9362014936869,55.391829806107545,1930697.7288832497,0.15796184230604762,0.2500000014139874,0.15004163405552873,0.0008636,0.85,6,180,2665527.6084562205,24.87003606352083,25.996046031205424
55.39182980610754,2682695.7952797273,0.18726755023065073,1.0185644994948755,0.8,26035.695692307694,1.1214124721172587,-133650.76157904704,8.967516604831083e-05,2.7625318960700462,240.1457598335945,55.391829806107545,2682695.795279728,0.2227512692984118,0.2500000014139874,0.15004162755052247,0.0008636,0.85,6,180,2733813.5112355812,24.868467443716902,25.88729133519058
55.39182980610754,3727593.720314938,0.1932981954816596,1.065750340267395,0.8,26035.695692307694,1.1198070271773706,-189800.8893825164,8.965648167023826e-05,4.117081057499083,236.1340547670886,55.391829806107545,3727593.720314938,0.3163348156375274,0.2500000014139874,0.15004161778071953,0.0008636,0.85,6,180,2833758.5532323327,24.866111291345135,25.73463351319825
55.39182980610754,5179474.6792312125,0.20234862858557648,1.1364411468308442,0.8,26035.695692307694,1.1175301808030937,-272614.9534816237,8.962812134648973e-05,6.365732919694987,230.27841487920853,55.391829806107545,5179474.679231212,0.4543582558027062,0.2500000014139874,0.1500416025760538,0.0008636,0.85,6,180,2984065.3259643973,24.862443789668465,25.520139074940005
55.39182980610754,7196856.730011513,0.21651830171870584,1.2468529838673608,0.8,26035.695692307694,1.1143114301515464,-399149.02346287016,8.95835173209289e-05,10.47834790522715,221.5953516543415,55.391829806107545,7196856.730011515,0.665248372438117,0.2500000014139874,0.15004157783364194,0.0008636,0.85,6,180,3220068.3664498026,24.85647385707601,25.22433820144953
55.39182980610754,10000000.0,0.2390927058892954,1.4226599660513237,0.8,26035.695692307694,1.1103598075046721,-599607.1984593165,8.951785645776025e-05,18.776494024481792,209.85301589809376,55.391829806107545,10000000.0,0.9993453307655275,0.2500000014139874,0.15004154161939484,0.0008636,0.85,6,180,3596301.5172987673,24.847729913556943,24.92836722971824
68.60826325815647,100000.0,0.1724217966555239,0.9031951574943355,0.8,26035.695692307694,1.0997446406415532,-4750.984662508103,0.00011112186797504284,0.08850295215011028,249.35977471775482,68.60826325815647,100000.0,0.007918307770846837,0.2500000014139874,0.15004165924937368,0.0008636,0.85,6,180,2485753.3497032896,24.876109911522033,25.97821689890542
68.60826325815647,138949.5494373139,0.1726144054252208,0.9047074125712327,0.8,26035.695692307694,1.099697226166701,-6606.006509709211,0.00011112113869178837,0.12324369798649025,249.22210494588225,68.60826325815647,138949.5494373139,0.011010010849515353,0.2500000014139874,0.15004165896002106,0.0008636,0.85,6,180,2488932.0445327633,24.876040161652362,25.97369235690787
68.60826325815647,193069.77288832495,0.1728826156366518,0.9068131335965539,0.8,26035.695692307694,1.0996312832474688,-9187.803340146282,0.00011112012249334952,0.1717693042797173,249.03051020842508,68.60826325815647,193069.77288832492,0.01531300556691047,0.2500000014139874,0.15004165855652593,0.0008636,0.85,6,180,2493358.7102098865,24.875942896763714,25.967401803093598
68.60826325815647,268269.57952797273,0.1732564225939026,0.9097476745955111,0.8,26035.695692307694,1.0995395381795927,-12783.462656307876,0.00011111870492793216,0.23968981718110102,248.76370177367005,68.60826325815647,268269.57952797273,0.02130577109384646,0.2500000014139874,0.150041657993069,0.0008636,0.85,6,180,2499528.7607000354,24.875807071273,25.958653902861624
68.60826325815647,372759.3720314938,0.17377802916004623,0.9138420735852176,0.8,26035.695692307694,1.0994118304201548,-17795.71830078887,0.00011111672439225524,0.33503317213565903,248.3918284927596,68.60826325815647,372759.37203149375,0.02965953050131478,0.2500000014139874,0.1500416572046821,0.0008636,0.85,6,180,2508139.4936043066,24.875617023075414,25.946484784581337
68.60826325815647,517947.46792312124,0.17450711249740702,0.9195642385077958,0.8,26035.695692307694,1.099233936872956,-24791.717876595558,0.00011111395126702662,0.4694186900412616,247.87288119707569,68.60826325815647,517947.4679231213,0.04131952979432593,0.2500000014139874,0.15004165609851716,0.0008636,0.85,6,180,2520177.4337257906,24.875350368188336,25.92954880892443
68.60826325815647,719685.6730011514,0.17552866082025592,0.9275801418561571,0.8,26035.695692307694,1.0989858883658432,-34574.537321247626,0.00011111005641628069,0.659930445618035,247.14743887914202,68.60826325815647,719685.6730011514,0.05762422886874604,0.2500000014139874,0.15004165454042245,0.0008636,0.85,6,180,2537048.5255023614,24.874974763456194,25.905963871867147
68.60826325815647,1000000.0,0.1769649410593461,0.938847096889354,0.8,26035.695692307694,1.0986395305978578,-48290.319543668484,0.00011110456224218027,0.9322399059058477,246.13084407529007,68.60826325815647,1000000.0,0.08048386590611413,0.2500000014139874,0.15004165233359945,0.0008636,0.85,6,180,2560777.4022613517,24.874442758997557,25.873090755222627
68.60826325815647,1389495.494373136,0.17899443583041114,0.9547610035012735,0.8,26035.695692307694,1.0981549333148,-67593.67630294424,0.00011109676373810849,1.3261002858068194,244.70124294703876,68.60826325815647,1389495.494373136,0.11265612717157374,0.2500000014139874,0.15004164918319166,0.0008636,0.85,6,180,2594323.5946074743,24.87368325562781,25.827215511841093
68.60826325815647,1930697.7288832497,0.1818832934626846,0.9774001865778286,0.8,26035.695692307694,1.0974749894805933,-94914.06400898292,0.00011108559490498686,1.9056880122809676,242.68065585494904,68.60826325815647,1930697.72888325,0.15819010668163822,0.2500000014139874,0.1500416446342899,0.0008636,0.85,6,180,2642108.4862935264,24.872586546530197,25.763087513059432
68.60826325815647,2682695.7952797273,0.18604109278269218,1.0099563147674064,0.8,26035.695692307694,1.0965170765310868,-133911.1172101849,0.00011106938873538702,2.7807795416901926,239.80362604821516,68.60826325815647,2682695.795279728,0.2231851953503082,0.2500000014139874,0.1500416379559996,0.0008636,0.85,6,180,2710953.3571756086,24.870976336252934,25.673243712230594
68.60826325815647,3727593.720314938,0.19212873863027077,1.0575652206281738,0.8,26035.695692307694,1.0951599043315496,-190320.94228073003,0.00011104541394269061,4.155010551073421,235.66244716963487,68.60826325815647,3727593.7203149386,0.3172015704678834,0.2500000014139874,0.1500416279071507,0.0008636,0.85,6,180,2811901.868510013,24.86855317184819,25.547050153572943
68.60826325815647,5179474.6792312125,0.2012912647270834,1.1290942062276728,0.8,26035.695692307694,1.0932239049301766,-273719.13726183755,0.00011100891947270501,6.4519571237070155,229.60854786424525,68.60826325815647,5179474.679231212,0.4561985621030626,0.2500000014139874,0.1500416122282356,0.0008636,0.85,6,180,2964166.054258079,24.864771693225126,25.36973246077815
68.60826325815647,7196856.730011513,0.21569049746417804,1.2412380978703799,0.8,26035.695692307694,1.0904703256038162,-401632.87834802753,0.00011095144564916182,10.696120878401688,220.6376473159701,68.60826325815647,7196856.730011514,0.6693881305800459,0.2500000014139874,0.150041586720681,0.0008636,0.85,6,180,3204137.9618747663,24.85861770880256,25.126971175391393
68.60826325815647,10000000.0,0.23844458152982614,1.4184743105102693,0.8,26035.695692307694,1.0871499977292525,-604040.0772612462,0.00011086909484780435,19.24510099078942,208.8497721828188,68.60826325815647,10000000.0,1.0067334621020767,0.2500000014139874,0.15004155094465157,0.0008636,0.85,6,180,3583289.0227816785,24.849979740058785,24.904832310341334
84.97812409839364,100000.0,0.17138693249801845,0.8959132497660569,0.8,26035.695692307694,1.0796444041466382,-4752.3790134078945,0.0001376349287206867,0.08860549898555696,249.3154460294811,84.97812409839364,99999.99999999999,0.007920631689013156,0.2500000014139874,0.15004166788405066,0.0008636,0.85,6,180,2466511.700993504,24.878191101465905,25.75858839205796
84.97812409839364,138949.5494373139,0.17158020361460566,0.8974302206359215,0.8,26035.695692307694,1.0796051108547455,-6608.051673521986,0.00013763400427645756,0.12339295871700144,249.17465974200533,84.97812409839364,138949.54943731392,0.011013419455869979,0.2500000014139874,0.15004166758935,0.0008636,0.85,6,180,2469702.569693068,24.87812006962238,25.754867860165795
84.97812409839364,193069.77288832495,0.1718493496568137,0.8995426119366834,0.8,26035.695692307694,1.0795504549345167,-9190.854633894198,0.00013763271604686977,0.1719899230512252,248.9787193395612,84.97812409839364,193069.77288832492,0.01531809105649033,0.2500000014139874,0.15004166717837245,0.0008636,0.85,6,180,2474146.4170577037,24.878021011015242,25.74969491205041
84.97812409839364,268269.57952797273,0.17222448729412762,0.9024866516584257,0.8,26035.695692307694,1.0794743982016854,-12788.111260578231,0.00013763091883131333,0.24002229131304012,248.70584289623585,84.97812409839364,268269.57952797273,0.021313518767630383,0.2500000014139874,0.1500416666044176,0.0008636,0.85,6,180,2480340.862434711,24.877882668889352,25.742500766327073
84.97812409839364,372759.3720314938,0.1727480025633648,0.90659470255106,0.8,26035.695692307694,1.0793684991075658,-17802.97851869861,0.00013762840752893255,0.3355462885321461,248.3254801445031,84.97812409839364,372759.3720314938,0.029671630864497683,0.2500000014139874,0.15004166580124623,0.0008636,0.85,6,180,2488986.5173848732,24.87768907619011,25.73249222288994
84.97812409839364,517947.46792312124,0.17347985648441253,0.9123367359913579,0.8,26035.695692307694,1.0792209273605438,-24803.384366574395,0.00013762489055515624,0.4702334221694036,247.79462313960653,84.97812409839364,517947.4679231213,0.04133897394429067,0.2500000014139874,0.15004166467414679,0.0008636,0.85,6,180,2501075.015183846,24.877417402082404,25.718561537723456
84.97812409839364,719685.6730011514,0.1745054919122941,0.9203820487657001,0.8,26035.695692307694,1.0790150466336423,-34593.883826236255,0.0001376199496324527,0.6612673983739906,247.05240847039533,84.97812409839364,719685.6730011515,0.05765647304372709,0.2500000014139874,0.15004166308618383,0.0008636,0.85,6,180,2518020.4325225446,24.87703463543281,25.699158620642077
84.97812409839364,1000000.0,0.175947934021167,0.9316935336516136,0.8,26035.695692307694,1.078727348568963,-48323.50399567145,0.00013761297716302355,0.9345170804315751,246.01206409265,84.97812409839364,1000000.0,0.08053917332611908,0.2500000014139874,0.15004166083628473,0.0008636,0.85,6,180,2541860.875019932,24.87649230045554,25.672108441380896
84.97812409839364,1389495.494373136,0.17798699338164853,0.9476769260376137,0.8,26035.695692307694,1.0783243854862001,-67652.6616671301,0.00013760307490067177,1.3301437939561693,244.5485713048482,84.97812409839364,1389495.494373136,0.11275443611188352,0.2500000014139874,0.15004165762278826,0.0008636,0.85,6,180,2575579.304517853,24.875717664047,25.634347648037796
84.97812409839364,1930697.7288832497,0.18089128456824566,0.9704289318441298,0.8,26035.695692307694,1.0777581039370634,-95022.95122641318,0.00013758888183471293,1.9132129042299975,242.47907827290155,84.97812409839364,1930697.7288832497,0.1583715853773553,0.2500000014139874,0.1500416529794211,0.0008636,0.85,6,180,2623640.326248275,24.874598289047725,25.581540646858826
84.97812409839364,2682695.7952797273,0.1850753005515991,1.0031780538608521,0.8,26035.695692307694,1.0769585285358787,-134120.66124880523,0.00013756826352677491,2.7955723393351213,239.5303465286212,84.97812409839364,2682695.795279728,0.2235344354146754,0.2500000014139874,0.1500416461551078,0.0008636,0.85,6,180,2692950.805920663,24.87295302828761,25.507517494266526
84.97812409839364,3727593.720314938,0.19121058688238252,1.0511402834756272,0.8,26035.695692307694,1.075821992051961,-190744.3530455023,0.00013753770976907115,4.18614141463828,235.28172603572088,84.97812409839364,3727593.720314938,0.31790725507583717,0.2500000014139874,0.1500416358702234,0.0008636,0.85,6,180,2794738.6972872354,24.870473175448566,25.4034829936744
84.97812409839364,5179474.6792312125,0.20046714652479075,1.123372008113562,0.8,26035.695692307694,1.074193234787383,-274627.84185865463,0.0001374910935703562,6.523646263251393,229.06326757707313,84.97812409839364,5179474.6792312125,0.45771306976442444,0.2500000014139874,0.15004161978962136,0.0008636,0.85,6,180,2948645.960385004,24.866595150011086,25.257300326048924
84.97812409839364,7196856.730011513,0.21505481074489682,1.2369380601706068,0.8,26035.695692307694,1.0718675023310398,-403679.0640641744,0.00013741765939116206,10.87815830706405,219.86112198335562,84.97812409839364,7196856.7300115125,0.6727984401069573,0.2500000014139874,0.15004159366240222,0.0008636,0.85,6,180,3191874.5856545344,24.860292102648586,25.058674391227672
84.97812409839364,10000000.0,0.23793735375259464,1.4152051259762697,0.8,26035.695692307694,1.0691085828516855,-607586.6668785006,0.00013731486174435202,19.62693331093187,208.06401112920494,84.97812409839364,10000000.0,1.0126444447975012,0.2500000014139874,0.15004155833853727,0.0008636,0.85,6,180,3573088.5410285927,24.851763298710974,24.890661363859774
105.25381684870872,100000.0,0.17056579772381708,0.8901352581013046,0.8,26035.695692307694,1.0637337786220125,-4753.384154596805,0.00017047402107033864,0.08868157242491188,249.28501314120786,105.25381684870871,100000.0,0.007922306924328009,0.2500000014139874,0.15004167473739388,0.0008636,0.85,6,180,2451244.0311850864,24.879842791696436,25.584610682375402
105.25381684870872,138949.5494373139,0.17075961141070217,0.8916560874568666,0.8,26035.695692307694,1.0637013909108417,-6609.536518117419,0.00017047285458198693,0.12350420571238456,249.14167124081186,105.25381684870871,138949.5494373139,0.011015894196862365,0.2500000014139874,0.15004167443826708,0.0008636,0.85,6,180,2454444.8838639366,24.87977069875397,25.58155680087322
105.25381684870872,193069.77288832495,0.17102952424002107,0.8937739378525499,0.8,26035.695692307694,1.063656335272064,-9193.089440466056,0.00017047122896580034,0.17215532555234572,248.94216690478376,105.25381684870871,193069.77288832492,0.015321815734110093,0.2500000014139874,0.15004167402109486,0.0008636,0.85,6,180,2458902.825453596,24.879670155145064,25.577310574786058
105.25381684870872,268269.57952797273,0.1714057525601738,0.896725754353513,0.8,26035.695692307694,1.0635936277717797,-12791.551457075218,0.00017046896087761357,0.2402733524534476,248.66431325291492,105.25381684870872,268269.57952797273,0.021319252428458696,0.2500000014139874,0.1500416734384468,0.0008636,0.85,6,180,2465117.288463876,24.879529728882893,25.57140490679644
105.25381684870872,372759.3720314938,0.17193083301416698,0.9008449878700296,0.8,26035.695692307694,1.063506296114877,-17808.415129286117,0.00017046579125290084,0.33593705275019964,248.2769856362846,105.25381684870872,372759.37203149375,0.02968069188214353,0.2500000014139874,0.1500416726230269,0.0008636,0.85,6,180,2473791.6118747857,24.879333199578667,25.563188249667295
105.25381684870872,517947.46792312124,0.1726649603336167,0.9066033071633696,0.8,26035.695692307694,1.0633845600212848,-24812.232864105816,0.00017046135162130708,0.47085984939849396,247.73635485917188,105.25381684870872,517947.46792312124,0.04135372144017636,0.2500000014139874,0.15004167147857422,0.0008636,0.85,6,180,2485921.63889638,24.879057364621165,25.551750391323544
105.25381684870872,719685.6730011514,0.17369395234697482,0.9146727484839572,0.8,26035.695692307694,1.063214648132435,-34608.75229293453,0.00017045511307759963,0.6623060460840852,246.98037015108696,105.25381684870872,719685.6730011512,0.05768125382155755,0.2500000014139874,0.15004166986583226,0.0008636,0.85,6,180,2502928.1593689485,24.878668656036908,25.535817085343268
105.25381684870872,1000000.0,0.1751414609409732,0.9260208126258406,0.8,26035.695692307694,1.0629770649945585,-48349.341419742675,0.00017044630664463472,0.9363052373625527,245.92051615440565,105.25381684870871,1000000.0,0.08058223569957113,0.2500000014139874,0.1500416675801568,0.0008636,0.85,6,180,2526860.4235176556,24.878117740680423,25.513599264028546
105.25381684870872,1389495.494373136,0.17718839714451612,0.9420613795044424,0.8,26035.695692307694,1.0626440011018483,-67699.15649044751,0.0001704337940982356,1.3333531306250432,244.4291597857093,105.25381684870872,1389495.4943731362,0.11283192748407918,0.2500000014139874,0.1500416643141825,0.0008636,0.85,6,180,2560720.825761605,24.877330515732567,25.48257509423634
105.25381684870872,1930697.7288832497,0.18010542569590415,0.9649064245041924,0.8,26035.695692307694,1.0621753577026867,-95109.75797997101,0.00017041584786124856,1.9192480739033393,242.3194144359194,105.25381684870872,1930697.7288832495,0.15851626329995167,0.2500000014139874,0.15004165959207574,0.0008636,0.85,6,180,2609009.9278183402,24.876192246893805,25.439171573543515
105.25381684870872,2682695.7952797273,0.18431113960797801,0.9978151633350798,0.8,26035.695692307694,1.061512441923321,-134289.4471743797,0.00017038975226167728,2.8075580031671645,239.31158008337584,105.25381684870871,2682695.795279727,0.22381574529063286,0.2500000014139874,0.15004165264572034,0.0008636,0.85,6,180,2678706.0516339284,24.874517689853825,25.37829775107856
105.25381684870872,3727593.720314938,0.1904859937978178,1.046070670109087,0.8,26035.695692307694,1.0605676785922133,-191088.6822553984,0.00017035102775978038,4.211624468406204,234.97424898039466,105.25381684870872,3727593.7203149386,0.3184811370923307,0.2500000014139874,0.1500416421629563,0.0008636,0.85,6,180,2781191.5432592477,24.87199030917667,25.292692255543567
105.25381684870872,5179474.6792312125,0.1998208500769239,1.1188872726676182,0.8,26035.695692307694,1.059208796052716,-275373.2371609656,0.00017029183621574998,6.582946083664498,228.61997956763722,105.25381684870872,5179474.6792312125,0.45895539526827606,0.2500000014139874,0.15004162574546456,0.0008636,0.85,6,180,2936467.5613201237,24.868031305638677,25.172395891132133
105.25381684870872,7196856.730011513,0.21456159177230918,1.2336091512744467,0.8,26035.695692307694,1.0572637505134532,-405354.3818123809,0.00017019863523958453,11.029000514167263,219.23362718082925,105.25381684870871,7196856.7300115125,0.6755906363539683,0.2500000014139874,0.1500415991230986,0.0008636,0.85,6,180,3182340.599197045,24.861609147377887,25.01013580596151
105.25381684870872,10000000.0,0.2375388386121363,1.4126415453055499,0.8,26035.695692307694,1.0549885956728013,-610431.393851759,0.0001700706689300935,19.937673535201153,207.44445535042965,105.25381684870871,10000000.0,1.0173856564195987,0.2500000014139874,0.15004156421650808,0.0008636,0.85,6,180,3565061.6555584427,24.853180976030462,24.881623665262488
130.3672689737678,100000.0,0.16991202664305838,0.885534930974716,0.8,26035.695692307694,1.0510907213631937,-4754.116140854406,0.00021114852176488862,0.08873854241314631,249.2639634609594,130.3672689737678,100000.0,0.00792352690142401,0.2500000014139874,0.15004168019512285,0.0008636,0.85,6,180,2439088.2326525096,24.881158036755274,25.446279712467224
130.3672689737678,138949.5494373139,0.17010628352675472,0.8870589091855662,0.8,26035.695692307694,1.0510641381477475,-6610.625638145229,0.0002111470552203032,0.12358789010947112,249.11853203427222,130.3672689737678,138949.5494373139,0.011017709396908715,0.2500000014139874,0.1500416798923507,0.0008636,0.85,6,180,2442297.2482445366,24.881085069961077,25.44377586597868
130.3672689737678,193069.77288832495,0.17037682283386182,0.88918121566171,0.8,26035.695692307694,1.0510271538700522,-9194.742937537758,0.00021114501134909054,0.17228044321681604,248.9161134772847,130.3672689737678,193069.77288832495,0.015324571562562929,0.2500000014139874,0.1500416794700766,0.0008636,0.85,6,180,2446766.7155420044,24.880983303173906,25.440294288965283
130.3672689737678,268269.57952797273,0.17075394251500478,0.892139382032444,0.8,26035.695692307694,1.0509756731870714,-12794.122608284715,0.00021114215951463774,0.2404645466351476,248.63418944900695,130.3672689737678,268269.57952797273,0.021323537680474524,0.2500000014139874,0.15004167888026634,0.0008636,0.85,6,180,2452997.5526070995,24.880841159790318,25.435451828370898
130.3672689737678,372759.3720314938,0.1712803026193573,0.8962677501661166,0.8,26035.695692307694,1.0509039638205275,-17812.524200275453,0.00021113817374072397,0.33623696702177425,248.241164923445,130.3672689737678,372759.37203149387,0.029687540333792423,0.2500000014139874,0.15004167805475163,0.0008636,0.85,6,180,2461695.334992677,24.8806422101494,25.42871390785418
130.3672689737678,517947.46792312124,0.17201628960284882,0.9020393802706114,0.8,26035.695692307694,1.0508039788646277,-24819.000625364974,0.0002111325902140488,0.4713448230200267,247.69253769378565,130.3672689737678,517947.46792312124,0.04136500104227495,0.2500000014139874,0.15004167689599002,0.0008636,0.85,6,180,2473859.3620600766,24.880362944140543,25.41933348765023
130.3672689737678,719685.6730011514,0.1730480293465682,0.9101285576452478,0.8,26035.695692307694,1.0506643757683936,-34620.26145318821,0.0002111247428258199,0.6631175956680876,246.925283039698,130.3672689737678,719685.6730011515,0.057700435755313695,0.2500000014139874,0.1500416752628021,0.0008636,0.85,6,180,2490915.9425845016,24.879969332467446,25.40626429525303
130.3672689737678,1000000.0,0.17449968951693817,0.9215065730626831,0.8,26035.695692307694,1.050469073744906,-48369.57305475875,0.00021111366241344815,0.9377155589946328,245.84945382191276,130.3672689737678,1000000.0,0.08061595509126458,0.2500000014139874,0.15004167294757856,0.0008636,0.85,6,180,2514923.5048322147,24.879411330207923,25.38803645465605
130.3672689737678,1389495.494373136,0.17655308876455225,0.9375940198110289,0.8,26035.695692307694,1.0501950865960303,-67735.95375854518,0.00021109791298829015,1.3359076725507357,244.33526622950774,130.3672689737678,1389495.494373136,0.11289325626424196,0.2500000014139874,0.150041669638207,0.0008636,0.85,6,180,2548900.4807393323,24.878613694487903,25.36257634807239
130.3672689737678,1930697.7288832497,0.1794805870960105,0.9605154925516509,0.8,26035.695692307694,1.0498091734357946,-95179.12275606937,0.00021107531196713552,1.9240943853901082,242.1925076708403,130.3672689737678,1930697.7288832497,0.15863187126011566,0.2500000014139874,0.1500416648508723,0.0008636,0.85,6,180,2597377.182060808,24.87745977333236,25.326942799171718
130.3672689737678,2682695.7952797273,0.18370417786349885,0.9935556658592545,0.8,26035.695692307694,1.04926247935419,-134425.48768584666,0.000211042421853553,2.8172645786709656,239.13614039052763,130.3672689737678,2682695.7952797273,0.22404247947641118,0.2500000014139874,0.1500416578031916,0.0008636,0.85,6,180,2667391.224925941,24.87576089184066,25.276939575690996
130.3672689737678,3727593.720314938,0.18991172473182452,1.0420533758436175,0.8,26035.695692307694,1.0484816986040348,-191368.40392244875,0.0002109935586977403,4.232436682952367,234.72586721125307,130.3672689737678,3727593.720314938,0.3189473398707479,0.2500000014139874,0.1500416471557302,0.0008636,0.85,6,180,2770453.3992579496,24.8731939511205,25.20657604367085
130.3672689737678,5179474.6792312125,0.19931137913344776,1.1153538603952,0.8,26035.695692307694,1.047355421322128,-275982.969126646,0.00021091875978478122,6.631785947864266,228.26002368110298,130.3672689737678,5179474.6792312125,0.4599716152110767,0.2500000014139874,0.15004163045790533,0.0008636,0.85,6,180,2926862.6105661253,24.86916756046871,25.10767591162195
130.3672689737678,7196856.730011513,0.21417560163010058,1.2310085608508294,0.8,26035.695692307694,1.0457411480898948,-406719.77204275684,0.00021080109161873605,11.153150800364335,218.72770734615315,130.3672689737678,7196856.730011515,0.677866286737928,0.2500000014139874,0.15004160344333697,0.0008636,0.85,6,180,3174867.578525461,24.862651056062404,24.975155636538545
130.3672689737678,10000000.0,0.23722398004632306,1.4106191627416769,0.8,26035.695692307694,1.0438748796851887,-612715.0014956305,0.00021064206570562966,20.19001110163555,206.95392927517705,130.3672689737678,10000000.0,1.021191669159384,0.2500000014139874,0.15004156890352366,0.0008636,0.85,6,180,3558711.95776675,24.854311267372612,24.87558529110745
161.47276486997293,100000.0,0.16939008433755148,0.8818622266697226,0.8,26035.695692307694,1.041012956633887,-4754.65482424619,0.00026152794466462523,0.08878160295141008,249.24927806811422,161.47276486997293,100000.0,0.007924424707076987,0.2500000014139874,0.15004168455311243,0.0008636,0.85,6,180,2429383.583357525,24.88220819772469,25.33596231288883
161.47276486997293,138949.5494373139,0.16958470242468782,0.8833887692753026,0.8,26035.695692307694,1.0409912100631493,-6611.432825340963,0.000261526106257491,0.12365140805219062,249.1021422617272,161.47276486997293,138949.5494373139,0.011019054708901606,0.2500000014139874,0.15004168424735045,0.0008636,0.85,6,180,2432599.2565825665,24.88213451414483,25.333910454128812
161.47276486997293,193069.77288832495,0.16985575239723366,0.8855147054107998,0.8,26035.695692307694,1.0409609525304397,-9195.978747373638,0.0002615235440346011,0.17237590162187258,248.8973464564568,161.47276486997293,193069.77288832492,0.01532663124562273,0.2500000014139874,0.15004168382089064,0.0008636,0.85,6,180,2437078.125733002,24.88203174387736,25.331057247395304
161.47276486997293,268269.57952797273,0.17023359883393577,0.8884780453290192,0.8,26035.695692307694,1.0409188307387913,-12796.062785669943,0.0002615199687436304,0.2406113190186389,248.61210169981155,161.47276486997293,268269.57952797273,0.021326771309449905,0.2500000014139874,0.15004168322520361,0.0008636,0.85,6,180,2443322.3226062055,24.881888191484684,25.32708855297993
161.47276486997293,372759.3720314938,0.17076100262139218,0.8926138584763598,0.8,26035.695692307694,1.0408601490091318,-17815.657450149432,0.00026151497147206297,0.33646882829290187,248.21442877806234,161.47276486997293,372759.3720314938,0.02969276241691572,0.2500000014139874,0.15004168239140322,0.0008636,0.85,6,180,2452039.2514279755,24.88168725520774,25.32156598129339
161.47276486997293,517947.46792312124,0.17149850702777292,0.8983963424838327,0.8,26035.695692307694,1.0407783115878715,-24824.217360914146,0.00026150797022232616,0.4717226567292281,247.6592754751646,161.47276486997293,517947.46792312124,0.041373695601523576,0.2500000014139874,0.15004168122089204,0.0008636,0.85,6,180,2464231.0400239234,24.881405171794704,25.313876711636922
161.47276486997293,719685.6730011514,0.17253249019414324,0.9065016233809464,0.8,26035.695692307694,1.0406640134876837,-34629.22816951359,0.0002614981287964836,0.6637549782787825,246.88282050129123,161.47276486997293,719685.6730011514,0.05771538028252265,0.2500000014139874,0.15004167957090592,0.0008636,0.85,6,180,2481328.5190723077,24.88100753165986,25.303162069905706
161.47276486997293,1000000.0,0.17398754277242803,0.9179040985008955,0.8,26035.695692307694,1.04050404692737,-48385.49462464504,0.0002614842298328585,0.9388321811406714,245.79394447539744,161.47276486997293,1000000.0,0.08064249104107507,0.2500000014139874,0.15004167723138687,0.0008636,0.85,6,180,2505397.6476584603,24.88044370211667,25.2882149824352
161.47276486997293,1389495.494373136,0.17604622906557627,0.9340298738651952,0.8,26035.695692307694,1.0402795008476133,-67765.17711921335,0.0002614644680932307,1.3379460364301803,244.2611003308106,161.47276486997293,1389495.494373136,0.11294196186535559,0.2500000014139874,0.15004167388629439,0.0008636,0.85,6,180,2539470.039951198,24.87963749687245,25.26733111629019
161.47276486997293,1930697.7288832497,0.1789823047578504,0.957013928723728,0.8,26035.695692307694,1.0399629632373226,-95234.65749601519,0.00026143609661025174,1.927990033195064,242.09134416660586,161.47276486997293,1930697.7288832497,0.1587244291600253,0.2500000014139874,0.15004166904519328,0.0008636,0.85,6,180,2588100.512036621,24.878470673164408,25.23809026264033
161.47276486997293,2682695.7952797273,0.18322056931160802,0.9901619390630098,0.8,26035.695692307694,1.0395140137039043,-134535.18664376615,0.0002613947822452241,2.82512201684659,238.99524755453402,161.47276486997293,2682695.795279728,0.22422531107294355,0.2500000014139874,0.15004166191383653,0.0008636,0.85,6,180,2658375.633684229,24.876751703432856,25.19703433177557
161.47276486997293,3727593.720314938,0.18945501281749752,1.0388588373616956,0.8,26035.695692307694,1.038871733497364,-191595.4242610541,0.0002613333461298505,4.249400965502509,234.52520174030687,161.47276486997293,3727593.7203149386,0.31932570710175684,0.2500000014139874,0.15004165113009435,0.0008636,0.85,6,180,2761912.4438311537,24.874152026968574,25.13921976796513
161.47276486997293,5179474.6792312125,0.19890803108381744,1.1125577158270683,0.8,26035.695692307694,1.037943111485793,-276480.55575526267,0.0002612391902872049,6.671865539700609,227.96802822434654,161.47276486997293,5179474.6792312125,0.46080092625877117,0.2500000014139874,0.15004163420044897,0.0008636,0.85,6,180,2919255.1480941703,24.870069908538444,25.057921237051517
161.47276486997293,7196856.730011513,0.21387142507233506,1.228961991355344,0.8,26035.695692307694,1.0366112790945339,-407828.9240530184,0.0002610912411365988,11.254813670538292,218.32035290726898,161.47276486997293,7196856.730011514,0.6797148734216972,0.2500000014139874,0.15004160687673193,0.0008636,0.85,6,180,3168971.3256169097,24.863479038299474,24.949589774456705
161.47276486997293,10000000.0,0.2369738518564188,1.4090141956438307,0.8,26035.695692307694,1.0350862696515224,-614548.5518929326,0.0002608938315791531,20.394485468831554,206.56444524936296,161.47276486997293,10000000.0,1.024247586488221,0.2500000014139874,0.15004157265127618,0.0008636,0.85,6,180,3553663.452497609,24.855214952949193,24.87139892319213
200.00000000000003,100000.0,0.16897247507125762,0.8789236706822198,0.8,26035.695692307694,1.0329599431588918,-4755.055419379353,0.0003239278688782417,0.08881443755447567,249.2389341259917,200.00000000000003,100000.0,0.007925092365632255,0.2500000014139874,0.15004168804045911,0.0008636,0.85,6,180,2421618.840012685,24.88304851796111,25.24777407646241
200.00000000000003,138949.5494373139,0.16916738700164458,0.8804522982124481,0.8,26035.695692307694,1.032942199967332,-6612.037186055263,0.00032392556970846945,0.12370002827587982,249.0904107843049,200.00000000000003,138949.54943731392,0.011020061976758774,0.2500000014139874,0.15004168773225254,0.0008636,0.85,6,180,2424839.93248274,24.88297424828355,25.24609240984289
200.00000000000003,193069.77288832495,0.16943885246660148,0.8825811858175531,0.8,26035.695692307694,1.0329175110899635,-9196.911422684354,0.00032392236520954396,0.172449314898135,248.88367953722695,200.00000000000003,193069.77288832495,0.015328185704473925,0.2500000014139874,0.15004168730236997,0.0008636,0.85,6,180,2429326.4556891117,24.8828706573894,25.243753875024456
200.00000000000003,268269.57952797273,0.1698172903306007,0.885548733513631,0.8,26035.695692307694,1.0328831385089459,-12797.540184822145,0.00032391789349555197,0.24072482279911397,248.59573096075346,200.00000000000003,268269.5795279727,0.02132923364137024,0.2500000014139874,0.15004168670187598,0.0008636,0.85,6,180,2435581.5308376015,24.882725952530283,25.240500878669046
200.00000000000003,372759.3720314938,0.17034554368983187,0.8896906036324864,0.8,26035.695692307694,1.0328352467750694,-17818.066219244858,0.0003239116428803204,0.33664926063792494,248.1942727277204,200.00000000000003,372759.37203149387,0.029696777032074764,0.2500000014139874,0.15004168586129724,0.0008636,0.85,6,180,2444314.053747761,24.882523390927407,25.235973856545833
200.00000000000003,517947.46792312124,0.17108428375831353,0.89548192142679,0.8,26035.695692307694,1.0327684457927147,-24828.266921369286,0.00032390288490726074,0.4720186791490352,247.63380414977868,200.00000000000003,517947.46792312124,0.04138044486894881,0.2500000014139874,0.15004168468117016,0.0008636,0.85,6,180,2456528.46112042,24.882239001722485,25.229670008218772
200.00000000000003,719685.6730011514,0.172120094704135,0.9036003156542808,0.8,26035.695692307694,1.0326751262211271,-34636.25419816918,0.00032389057258354754,0.6642578424629008,246.84985400206963,200.00000000000003,719685.6730011515,0.05772709033028197,0.2500000014139874,0.15004168301743007,0.0008636,0.85,6,180,2473659.2784319483,24.88183806309586,25.22088448665721
200.00000000000003,1000000.0,0.17357791305988118,0.9150227229014036,0.8,26035.695692307694,1.0325444767177026,-48398.07867963434,0.00032387318092240506,0.9397192165902686,245.75034562708137,200.00000000000003,1000000.0000000001,0.08066346446605724,0.2500000014139874,0.15004168065800572,0.0008636,0.85,6,180,2497778.6254337984,24.88126945909415,25.20862580597454
200.00000000000003,1389495.494373136,0.1756409137456399,0.9311797618744283,0.8,26035.695692307694,1.0323609965643958,-67788.45358525153,0.0003238484469705696,1.339575927334619,244.20229044196995,200.00000000000003,1389495.494373136,0.11298075597541919,0.2500000014139874,0.15004167728362103,0.0008636,0.85,6,180,2531928.915655476,24.88045622638572,25.191492740594303
200.00000000000003,1930697.7288832497,0.17858399733689181,0.9542149274057697,0.8,26035.695692307694,1.032102174611046,-95279.19050416794,0.0003238129240405871,1.9311241525805427,242.01050859960955,200.00000000000003,1930697.7288832495,0.15879865084027991,0.2500000014139874,0.1500416723983772,0.0008636,0.85,6,180,2580685.074129219,24.87927880935994,25.167492950108745
200.00000000000003,2682695.7952797273,0.18283426960849689,0.9874511508117324,0.8,26035.695692307694,1.031734729721732,-134623.6747013865,0.0003237611683336143,2.831480083591247,238.88197259911567,200.00000000000003,2682695.795279727,0.2243727911689775,0.2500000014139874,0.15004166519821824,0.0008636,0.85,6,180,2651173.9192408947,24.877543321668977,25.133774795375263
200.00000000000003,3727593.720314938,0.18909076361220792,1.0363112995258068,0.8,26035.695692307694,1.0312083269188441,-191779.51756203445,0.00032368414679848735,4.263205820923777,234.36308222550414,200.00000000000003,3727593.720314937,0.3196325292700574,0.2500000014139874,0.1500416543022407,0.0008636,0.85,6,180,2755099.9723515655,24.874916684479082,25.086253819171898
200.00000000000003,5179474.6792312125,0.19858755585954138,1.1103369126967777,0.8,26035.695692307694,1.0304458506461767,-276885.82591825735,0.0003235659947095921,6.704657485752709,227.73136451355654,200.00000000000003,5179474.6792312125,0.461476376530429,0.2500000014139874,0.15004163718183636,0.0008636,0.85,6,180,2913208.5802894183,24.870788707713245,25.019380591743783
200.00000000000003,7196856.730011513,0.21363041058968418,1.2273420934891488,0.8,26035.695692307694,1.0293520871892194,-408727.8893048353,0.00032338056710693727,11.337750395728387,217.99257296132146,200.00000000000003,7196856.7300115125,0.6812131488413922,0.2500000014139874,0.15004160961490573,0.0008636,0.85,6,180,3164295.0586169134,24.864139333852464,24.93064914120465
200.00000000000003,10000000.0,0.236774242263964,1.407734163311755,0.8,26035.695692307694,1.0281094394494004,-616020.9780279589,0.00032313568331317514,20.559895038313165,206.25447761944284,200.00000000000003,9999999.999999998,1.026701630046598,0.2500000014139874,0.15004157565484041,0.0008636,0.85,6,180,3549632.6018995615,24.855939127936278,24.868409978569055
