Sherwood number,Power number,LCOW,Energy Consumption,Volumetric Recovery,Average membrane area,Average cp (TDS),Average pressure drop,Average K (TDS),Average f,Average Re,Average Sh (TDS),Average Pn,Average telescoping potential,Total pressure drop,Inlet velocity,Outlet velocity,Channel height,Spacer porosity,Length,Number of pressure vessels,Operating pressure,Outlet bulk concentration,Outlet interface concentration
10,100000,0.290417213,1.095993485,0.85,26035.69569,1.762702023,-6837.353881,1.62E-05,0.272111114,119.1692754,10,100000,0.01139559,-20512.06164,0.200000001,0.090046097,0.0008636,0.85,6,180,3067218.493,32.98248777,37.81956231
10,138949.5494,0.290787137,1.097777964,0.85,26035.69569,1.762643293,-9509.326672,1.62E-05,0.379216698,119.0835002,10,138949.5494,0.015848878,-28527.98001,0.200000001,0.090046097,0.0008636,0.85,6,180,3071199.33,32.98227711,37.78705239
10,193069.7729,0.291302733,1.100265038,0.85,26035.69569,1.762563508,-13230.34492,1.62E-05,0.52909778,118.9640562,10,193069.7729,0.022050575,-39691.03477,0.200000001,0.090046096,0.0008636,0.85,6,180,3076748.472,32.98198283,37.74186321
10,268269.5795,0.292022247,1.10373552,0.85,26035.69569,1.762456196,-18416.89695,1.62E-05,0.739428433,118.7975847,10,268269.5795,0.030694828,-55250.69084,0.200000001,0.090046094,0.0008636,0.85,6,180,3084493.632,32.98157088,37.67904141
10,372759.372,0.293028063,1.108586491,0.85,26035.69569,1.762314033,-25655.28048,1.62E-05,1.035758779,118.5652913,10,372759.372,0.042758801,-76965.84144,0.200000001,0.090046093,0.0008636,0.85,6,180,3095323.258,32.98099251,37.59169196
10,517947.4679,0.294437534,1.115383395,0.85,26035.69569,1.76213018,-35775.23685,1.62E-05,1.455593246,118.2406041,10,517947.4679,0.059625395,-107325.7105,0.200000001,0.09004609,0.0008636,0.85,6,180,3110504.141,32.98017715,37.47021325
10,719685.673,0.29641953,1.124939475,0.85,26035.69569,1.761901867,-49960.01364,1.62E-05,2.055158095,117.7856971,10,719685.673,0.083266689,-149880.0409,0.200000001,0.090046086,0.0008636,0.85,6,180,3131861.459,32.97902102,37.30123254
10,,,,,,,,,,,,,,,,,,,,,,,
10,1389495.494,0.303207901,1.157654277,0.85,26035.69569,1.761385296,-98142.43418,1.62E-05,4.193294223,116.2429914,10,1389495.494,0.163570724,-294427.3025,0.200000001,0.090046073,0.0008636,0.85,6,180,3205097.912,32.97497842,36.73912635
10,1930697.729,0.308945164,1.18528599,0.85,26035.69569,1.761265061,-138393.7459,1.62E-05,6.108185722,114.9588026,10,1930697.729,0.230656243,-415181.2378,0.200000001,0.090046062,0.0008636,0.85,6,180,3267096.953,32.97146579,36.28490446
10,2682695.795,0.317333541,1.225658726,0.85,26035.69569,1.761601166,-196514.6098,1.62E-05,9.100042116,113.1166617,10,2682695.795,0.32752435,-589543.8293,0.200000001,0.090046045,0.0008636,0.85,6,180,3357903.917,32.966185,35.65774051
10,3727593.72,0.3298883,1.28603197,0.85,26035.69569,1.763212354,-282107.9596,1.62E-05,14.04869584,110.4497859,10,3727593.72,0.470179933,-846323.8789,0.200000001,0.090046018,0.0008636,0.85,6,180,3494117.217,32.95802087,34.81386763
10,5179474.679,0.349153976,1.37861581,0.85,26035.69569,1.768174209,-411822.8858,1.62E-05,22.91843744,106.633705,10,5179474.679,0.686371476,-1235468.657,0.200000001,0.090045977,0.0008636,0.85,6,180,3703495.995,32.94530924,33.82656749
10,,,,,,,,,,,,,,,,,,,,,,,
10,,,,,,,,,,,,,,,,,,,,,,,
12.38598968,100000,0.277601108,1.037627977,0.85,26035.69569,1.566190863,-7002.729591,2.00E-05,0.294078781,117.0935171,12.38598968,100000,0.011671216,-21008.18877,0.200000001,0.090046189,0.0008636,0.85,6,180,2909105.751,33.01070336,36.23277234
12.38598968,138949.5494,0.277994255,1.039520721,0.85,26035.69569,1.566090917,-9741.557618,2.00E-05,0.410135754,116.9899975,12.38598968,138949.5494,0.016235929,-29224.67285,0.200000001,0.090046188,0.0008636,0.85,6,180,2913358.47,33.01045627,36.20460386
12.38598968,193069.7729,0.278542598,1.042160493,0.85,26035.69569,1.565953499,-13557.78813,2.00E-05,0.572832959,116.8457935,12.38598968,193069.7729,0.022596314,-40673.3644,0.200000001,0.090046187,0.0008636,0.85,6,180,2919290.785,33.01011087,36.16546293
12.38598968,268269.5795,0.279308552,1.04584759,0.85,26035.69569,1.565765414,-18881.1871,2.00E-05,0.801719969,116.6447167,12.38598968,268269.5795,0.031468645,-56643.56131,0.200000001,0.090046185,0.0008636,0.85,6,180,2927578.938,33.00962691,36.11107717
12.38598968,372759.372,0.280380742,1.051008298,0.85,26035.69569,1.565509689,-26318.71166,2.00E-05,1.125329572,116.3639497,12.38598968,372759.372,0.043864519,-78956.13499,0.200000001,0.090046183,0.0008636,0.85,6,180,2939183.884,33.0089466,36.03551561
12.38598968,517947.4679,0.281886112,1.058252963,0.85,26035.69569,1.565165511,-36733.31021,2.00E-05,1.586096059,115.9711547,12.38598968,517947.4679,0.061222184,-110199.9306,0.200000001,0.09004618,0.0008636,0.85,6,180,2955483.432,33.00798585,35.93055605
12.38598968,719685.673,0.28400872,1.068466087,0.85,26035.69569,1.564709646,-51363.71885,2.00E-05,2.248780561,115.4201589,12.38598968,719685.673,0.085606198,-154091.1566,0.200000001,0.090046176,0.0008636,0.85,6,180,2978478.041,33.00662031,35.78483671
12.38598968,1000000,0.287020076,1.082951517,0.85,26035.69569,1.564121826,-72013.04337,2.00E-05,3.215781076,114.6443839,12.38598968,1000000,0.120021739,-216039.1301,0.200000001,0.090046169,0.0008636,0.85,6,180,3011123.912,33.00466195,35.58278191
12.38598968,1389495.494,0.291330454,1.103677765,0.85,26035.69569,1.563400207,-101360.0559,2.00E-05,4.657013057,113.5466667,12.38598968,1389495.494,0.168933426,-304080.1676,0.200000001,0.09004616,0.0008636,0.85,6,180,3057898.091,33.00181824,35.30349122
12.38598968,1930697.729,0.297580259,1.133714532,0.85,26035.69569,1.562602961,-143505.9489,2.00E-05,6.873360307,111.9836984,12.38598968,1930697.729,0.239176581,-430517.8466,0.200000001,0.090046146,0.0008636,0.85,6,180,3125806.351,32.99761962,34.92075554
12.38598968,2682695.795,0.306806685,1.178030129,0.85,26035.69569,1.561961116,-205003.4014,2.00E-05,10.44406121,109.7464755,12.38598968,2682695.795,0.341672336,-615010.2042,0.200000001,0.090046126,0.0008636,0.85,6,180,3226214.673,32.99130044,34.41046807
12.38598968,3727593.72,0.320692171,1.24469609,0.85,26035.69569,1.5621911,-296813.9615,2.00E-05,16.58231963,106.574935,12.38598968,3727593.72,0.494689936,-890441.8845,0.200000001,0.090046095,0.0008636,0.85,6,180,3377487.507,32.9817486,33.79852787
12.38598968,5179474.679,0.341419617,1.34431975,0.85,26035.69569,1.56518244,-436775.4735,2.00E-05,27.77569232,102.4293067,12.38598968,5179474.679,0.727959123,-1310326.421,0.200000001,0.090046052,0.0008636,0.85,6,180,3602664.643,32.96857898,33.29458173
12.38598968,,,,,,,,,,,,,,,,,,,,,,,
12.38598968,,,,,,,,,,,,,,,,,,,,,,,
15.34127405,100000,0.268654814,0.996887192,0.85,26035.69569,1.426616471,-7153.270356,2.48E-05,0.315364888,115.3220203,15.34127405,100000,0.011922117,-21459.81107,0.200000001,0.090046253,0.0008636,0.85,6,180,2798727.35,33.03046697,35.20504126
15.34127405,138949.5494,0.269071164,0.998887898,0.85,26035.69569,1.42649252,-9953.23086,2.48E-05,0.44014791,115.2017675,15.34127405,138949.5494,0.016588718,-29859.69258,0.200000001,0.090046252,0.0008636,0.85,6,180,2803252.956,33.03018229,35.18122858
15.34127405,193069.7729,0.269652243,1.001680024,0.85,26035.69569,1.426321379,-13856.77902,2.48E-05,0.615388087,115.0342204,15.34127405,193069.7729,0.023094632,-41570.33707,0.200000001,0.090046251,0.0008636,0.85,6,180,2809570.026,33.02978418,35.14816527
15.34127405,268269.5795,0.27046465,1.005583391,0.85,26035.69569,1.426085725,-19306.17492,2.48E-05,0.862533603,114.8005324,15.34127405,268269.5795,0.032176958,-57918.52477,0.200000001,0.090046249,0.0008636,0.85,6,180,2818403.698,33.029226,35.10227552
15.34127405,372759.372,0.271603284,1.011053595,0.85,26035.69569,1.425762544,-26928.0192,2.48E-05,1.213178845,114.4741197,15.34127405,372759.372,0.044880032,-80784.0576,0.200000001,0.090046247,0.0008636,0.85,6,180,2830788.039,33.02844065,35.03862489
15.34127405,517947.4679,0.273204723,1.018746054,0.85,26035.69569,1.42532204,-37617.21784,2.48E-05,1.71490238,114.0172826,15.34127405,517947.4679,0.062695363,-112851.6535,0.200000001,0.090046243,0.0008636,0.85,6,180,2848212.727,33.0273303,34.95044032
15.34127405,719685.673,0.275468248,1.029616614,0.85,26035.69569,1.42472742,-52666.61422,2.48E-05,2.441540235,113.376193,15.34127405,719685.673,0.08777769,-157999.8427,0.200000001,0.090046238,0.0008636,0.85,6,180,2872854.186,33.02574991,34.82852721
15.34127405,1000000,0.278690157,1.045085604,0.85,26035.69569,1.423937675,-73975.11293,2.48E-05,3.512426841,112.4734105,15.34127405,1000000,0.123291855,-221925.3388,0.200000001,0.09004623,0.0008636,0.85,6,180,2907953.522,33.02347999,34.66071759
15.34127405,1389495.494,0.283321977,1.067316039,0.85,26035.69569,1.422919216,-104399.1179,2.48E-05,5.131129346,111.196987,15.34127405,1389495.494,0.17399853,-313197.3536,0.200000001,0.09004622,0.0008636,0.85,6,180,2958457.893,33.02018119,34.43198045
15.34127405,1930697.729,0.290070738,1.099693781,0.85,26035.69569,1.421683421,-148380.6431,2.48E-05,7.669575682,109.3872135,15.34127405,1930697.729,0.247301072,-445141.9292,0.200000001,0.090046204,0.0008636,0.85,6,180,3032120.635,33.01532475,34.12790595
15.34127405,2682695.795,0.300051804,1.14756664,0.85,26035.69569,1.420402115,-213101.7247,2.48E-05,11.85958611,106.8383043,15.34127405,2682695.795,0.355169541,-639305.1741,0.200000001,0.090046181,0.0008636,0.85,6,180,3141134.827,33.00814616,33.7526521
15.34127405,3727593.72,0.314848744,1.21858465,0.85,26035.69569,1.419726907,-310296.2841,2.48E-05,19.181758,103.4091954,15.34127405,3727593.72,0.517160474,-930888.8524,0.200000001,0.090046148,0.0008636,0.85,6,180,3302477.262,32.99801851,33.38240841
15.34127405,,,,,,,,,,,,,,,,,,,,,,,
15.34127405,,,,,,,,,,,,,,,,,,,,,,,
15.34127405,,,,,,,,,,,,,,,,,,,,,,,
19.00168621,100000,0.262297381,0.967936943,0.85,26035.69569,1.325420943,-7288.232104,3.07E-05,0.335538536,113.8225949,19.00168621,100000,0.012147054,-21864.69631,0.200000001,0.090046299,0.0008636,0.85,6,180,2720283.941,33.04454905,34.53426527
19.00168621,138949.5494,0.262735871,0.970040535,0.85,26035.69569,1.325287574,-10143.18056,3.07E-05,0.46863101,113.6873349,19.00168621,138949.5494,0.016905301,-30429.54167,0.200000001,0.090046298,0.0008636,0.85,6,180,2725070.643,33.04422786,34.51458844
19.00168621,193069.7729,0.263348169,0.972977783,0.85,26035.69569,1.325103048,-14125.4358,3.07E-05,0.655852176,113.4988812,19.00168621,193069.7729,0.023542393,-42376.30739,0.200000001,0.090046296,0.0008636,0.85,6,180,2731755.633,33.04377859,34.48730195
19.00168621,268269.5795,0.264204839,0.977086999,0.85,26035.69569,1.324848223,-19688.72005,3.07E-05,0.920510083,113.2360469,19.00168621,268269.5795,0.032814533,-59066.16016,0.200000001,0.090046294,0.0008636,0.85,6,180,2741110.462,33.04314852,34.44950001
19.00168621,372759.372,0.265406695,0.982851385,0.85,26035.69569,1.324497311,-27477.76691,3.07E-05,1.297226948,112.8689723,19.00168621,372759.372,0.045796278,-82433.30074,0.200000001,0.090046291,0.0008636,0.85,6,180,2754238.181,33.04226177,34.39721332
19.00168621,517947.4679,0.267099304,0.990968409,0.85,26035.69569,1.324016211,-38417.16268,3.07E-05,1.838721934,112.3553932,19.00168621,517947.4679,0.064028604,-115251.488,0.200000001,0.090046287,0.0008636,0.85,6,180,2772732.884,33.04100777,34.32508642
19.00168621,719685.673,0.26949587,1.002459226,0.85,26035.69569,1.323361351,-53850.21665,3.07E-05,2.627990548,111.6352296,19.00168621,719685.673,0.089750361,-161550.65,0.200000001,0.090046282,0.0008636,0.85,6,180,2798931.768,33.03922306,34.22607549
19.00168621,1000000,0.272914445,1.018846547,0.85,26035.69569,1.322481048,-75765.02638,3.07E-05,3.801572555,110.6229472,19.00168621,1000000,0.126275044,-227295.0791,0.200000001,0.090046273,0.0008636,0.85,6,180,2836324.771,33.03666248,34.09145713
19.00168621,1389495.494,0.277839258,1.042448404,0.85,26035.69569,1.321325507,-107180.2575,3.07E-05,5.597032073,109.1981355,19.00168621,1389495.494,0.178633762,-321540.7724,0.200000001,0.090046261,0.0008636,0.85,6,180,2890227.136,33.03295653,33.91220209
19.00168621,1930697.729,0.285015781,1.07683655,0.85,26035.69569,1.319884628,-152828.1242,3.07E-05,8.455073942,107.2012921,19.00168621,1930697.729,0.25471354,-458484.3727,0.200000001,0.090046244,0.0008636,0.85,6,180,2968803.098,33.02757141,33.68530739
19.00168621,2682695.795,0.295545404,1.127310992,0.85,26035.69569,1.318308558,-220315.2057,3.07E-05,13.23445708,104.4710513,19.00168621,2682695.795,0.36719201,-660945.6171,0.200000001,0.090046219,0.0008636,0.85,6,180,3083980.961,33.01990764,33.43315342
19.00168621,3727593.72,0.310776327,1.200457786,0.85,26035.69569,1.3171805,-321590.8351,3.07E-05,21.56655637,101.0053218,19.00168621,3727593.72,0.535984725,-964772.5052,0.200000001,0.090046187,0.0008636,0.85,6,180,3249787.478,33.00999538,33.22009756
19.00168621,,,,,,,,,,,,,,,,,,,,,,,
19.00168621,,,,,,,,,,,,,,,,,,,,,,,
19.00168621,,,,,,,,,,,,,,,,,,,,,,,
23.53546894,100000,0.257707871,0.947038202,0.85,26035.69569,1.250761393,-7407.320425,3.80E-05,0.354224575,112.5643328,23.53546894,100000,0.012345534,-22221.96127,0.200000001,0.090046332,0.0008636,0.85,6,180,2663649.937,33.05473782,34.09293952
23.53546894,138949.5494,0.258166512,0.949235386,0.85,26035.69569,1.250629451,-10310.88344,3.80E-05,0.495038758,112.4162493,23.53546894,138949.5494,0.017184806,-30932.65033,0.200000001,0.090046331,0.0008636,0.85,6,180,2668674.599,33.05438318,34.07698777
23.53546894,193069.7729,0.258807177,0.952304436,0.85,26035.69569,1.250446709,-14362.80368,3.80E-05,0.693416104,112.2099809,23.53546894,193069.7729,0.023938006,-43088.41105,0.200000001,0.090046329,0.0008636,0.85,6,180,2675694.315,33.05388714,34.05490479
23.53546894,268269.5795,0.259703968,0.956600145,0.85,26035.69569,1.250193981,-20027.0358,3.80E-05,0.974423631,111.9224147,23.53546894,268269.5795,0.033378393,-60081.10739,0.200000001,0.090046327,0.0008636,0.85,6,180,2685522.012,33.05319161,34.02438867
23.53546894,372759.372,0.260962899,0.962630016,0.85,26035.69569,1.249845271,-27964.52556,3.80E-05,1.375560528,111.5210603,23.53546894,372759.372,0.046607543,-83893.57667,0.200000001,0.090046324,0.0008636,0.85,6,180,2699321.374,33.05221312,33.98233944
23.53546894,517947.4679,0.262737267,0.97112772,0.85,26035.69569,1.249365915,-39126.38078,3.80E-05,1.954448148,110.9601447,23.53546894,517947.4679,0.065210635,-117379.1423,0.200000001,0.090046319,0.0008636,0.85,6,180,2718776.084,33.05083052,33.92467577
23.53546894,719685.673,0.265251768,0.983168402,0.85,26035.69569,1.248711139,-54900.75108,3.80E-05,2.802818494,110.1751873,23.53546894,719685.673,0.091501252,-164702.2533,0.200000001,0.090046313,0.0008636,0.85,6,180,2746355.264,33.04886621,33.84627292
23.53546894,1000000,0.268840904,1.00035262,0.85,26035.69569,1.247827088,-77353.59371,3.80E-05,4.073481536,109.0761056,23.53546894,1000000,0.128922656,-232060.7811,0.200000001,0.090046304,0.0008636,0.85,6,180,2785734.845,33.04605886,33.74140972
23.53546894,1389495.494,0.274008721,1.025093685,0.85,26035.69569,1.246660943,-109638.7147,3.80E-05,6.035185365,107.5414072,23.53546894,1389495.494,0.182731191,-328916.144,0.200000001,0.090046291,0.0008636,0.85,6,180,2842445.019,33.042032,33.60589537
23.53546894,1930697.729,0.281506769,1.060999031,0.85,26035.69569,1.245200119,-156702.3303,3.80E-05,9.186654689,105.4266491,23.53546894,1930697.729,0.26117055,-470106.9908,0.200000001,0.090046272,0.0008636,0.85,6,180,2924678.435,33.03630232,33.44369135
23.53546894,2682695.795,0.292367246,1.11306203,0.85,26035.69569,1.243585076,-226379.2857,3.80E-05,14.47499087,102.6281066,23.53546894,2682695.795,0.37729881,-679137.8572,0.200000001,0.090046247,0.0008636,0.85,6,180,3043460.229,33.02851162,33.27863923
23.53546894,3727593.72,0.307738783,1.186959943,0.85,26035.69569,1.242295404,-330622.9212,3.80E-05,23.60754538,99.22732748,23.53546894,3727593.72,0.551038202,-991868.7637,0.200000001,0.090046217,0.0008636,0.85,6,180,3210354.766,33.01919913,33.14842898
23.53546894,,,,,,,,,,,,,,,,,,,,,,,
23.53546894,,,,,,,,,,,,,,,,,,,,,,,
23.53546894,,,,,,,,,,,,,,,,,,,,,,,
29.15100755,100000,0.254345553,0.931728196,0.85,26035.69569,1.194860226,-7510.721084,4.71E-05,0.371139674,111.5180149,29.15100755,100000,0.012517868,-22532.16325,0.200000001,0.090046356,0.0008636,0.85,6,180,2622155.827,33.06221674,33.79942535
29.15100755,138949.5494,0.254821754,0.934006931,0.85,26035.69569,1.19473679,-10456.5206,4.71E-05,0.518955932,111.3594447,29.15100755,138949.5494,0.017427534,-31369.56181,0.200000001,0.090046355,0.0008636,0.85,6,180,2627387.876,33.06183299,33.78666902
29.15100755,193069.7729,0.255487072,0.937190521,0.85,26035.69569,1.194565752,-14568.98104,4.71E-05,0.727459831,111.1386696,29.15100755,193069.7729,0.024281635,-43706.94312,0.200000001,0.090046353,0.0008636,0.85,6,180,2634698.481,33.06129644,33.76904473
29.15100755,268269.5795,0.256418586,0.941647651,0.85,26035.69569,1.194329076,-20320.95064,4.71E-05,1.023325286,110.8310913,29.15100755,268269.5795,0.033868251,-60962.85193,0.200000001,0.090046351,0.0008636,0.85,6,180,2644935.354,33.06054456,33.74476092
29.15100755,372759.372,0.257726601,0.94790589,0.85,26035.69569,1.194002278,-28387.42838,4.71E-05,1.446680299,110.4022687,29.15100755,372759.372,0.047312381,-85162.28514,0.200000001,0.090046347,0.0008636,0.85,6,180,2659312.045,33.05948783,33.71144528
29.15100755,517947.4679,0.259570571,0.956727797,0.85,26035.69569,1.193552671,-39742.36487,4.71E-05,2.059614681,109.8040124,29.15100755,517947.4679,0.066237275,-119227.0946,0.200000001,0.090046343,0.0008636,0.85,6,180,2679583.185,33.05799721,33.66606459
29.15100755,719685.673,0.262183753,0.969228936,0.85,26035.69569,1.192938055,-55811.99179,4.71E-05,2.961758779,108.9692831,29.15100755,719685.673,0.093019986,-167435.9754,0.200000001,0.090046336,0.0008636,0.85,6,180,2708315.215,33.05588599,33.60502041
29.15100755,1000000,0.265911268,0.987060625,0.85,26035.69569,1.192108001,-78726.43147,4.71E-05,4.320332469,107.8066887,29.15100755,1000000,0.131210719,-236179.2944,0.200000001,0.090046326,0.0008636,0.85,6,180,2749301.076,33.05288662,33.52481002
29.15100755,1389495.494,0.27126498,1.012675671,0.85,26035.69569,1.191014434,-111743.8725,4.71E-05,6.430444407,106.1991718,29.15100755,1389495.494,0.186239787,-335231.6174,0.200000001,0.090046312,0.0008636,0.85,6,180,2808144.648,33.04863528,33.42421012
29.15100755,1930697.729,0.278981909,1.049620687,0.85,26035.69569,1.189649411,-159954.3069,4.71E-05,9.835339759,104.0233252,29.15100755,1930697.729,0.266590512,-479862.9207,0.200000001,0.090046293,0.0008636,0.85,6,180,2892828.039,33.04272804,33.30932414
29.15100755,2682695.795,0.290018334,1.102547474,0.85,26035.69569,1.188137727,-231305.1165,4.71E-05,15.53960479,101.2220113,29.15100755,2682695.795,0.385508528,-693915.3496,0.200000001,0.090046268,0.0008636,0.85,6,180,3013415.502,33.03503049,33.19836156
29.15100755,3727593.72,0.305383326,1.176495815,0.85,26035.69569,1.186844566,-337700.5015,4.70E-05,25.28895025,97.91477925,29.15100755,3727593.72,0.562834169,-1013101.505,0.200000001,0.09004624,0.0008636,0.85,6,180,3179760.705,33.02642589,33.11228924
29.15100755,,,,,,,,,,,,,,,,,,,,,,,
29.15100755,,,,,,,,,,,,,,,,,,,,,,,
29.15100755,,,,,,,,,,,,,,,,,,,,,,,
36.10640788,100000,0.251847623,0.920354532,0.85,26035.69569,1.152476987,-7599.145364,5.83E-05,0.386124255,110.6554922,36.10640788,100000,0.012665242,-22797.43609,0.200000001,0.090046374,0.0008636,0.85,6,180,2591326.527,33.0677825,33.60132175
36.10640788,138949.5494,0.252338582,0.922701833,0.85,26035.69569,1.152365946,-10581.04828,5.83E-05,0.54014647,110.4886507,36.10640788,138949.5494,0.01763508,-31743.14484,0.200000001,0.090046373,0.0008636,0.85,6,180,2596732.753,33.0673745,33.59119638
36.10640788,193069.7729,0.25302455,0.925981399,0.85,26035.69569,1.152212074,-14745.23412,5.83E-05,0.757626883,110.2564951,36.10640788,193069.7729,0.02457539,-44235.70237,0.200000001,0.090046371,0.0008636,0.85,6,180,2604286.783,33.06680436,33.57723515
36.10640788,268269.5795,0.253984998,0.930573105,0.85,26035.69569,1.151999139,-20572.10285,5.83E-05,1.066662642,109.9333437,36.10640788,268269.5795,0.034286838,-61716.30856,0.200000001,0.090046369,0.0008636,0.85,6,180,2614864.226,33.06600612,33.55805486
36.10640788,372759.372,0.255333593,0.937020266,0.85,26035.69569,1.151705131,-28748.51905,5.83E-05,1.509702925,109.4834096,36.10640788,372759.372,0.047914198,-86245.55715,0.200000001,0.090046365,0.0008636,0.85,6,180,2629717.495,33.06488576,33.53185511
36.10640788,517947.4679,0.257234393,0.946107125,0.85,26035.69569,1.151300727,-40267.52371,5.83E-05,2.152756935,108.8570178,36.10640788,517947.4679,0.06711254,-120802.5711,0.200000001,0.09004636,0.0008636,0.85,6,180,2650653.856,33.06330895,33.4964017
36.10640788,719685.673,0.259926515,0.958977109,0.85,26035.69569,1.150748291,-56586.57927,5.83E-05,3.102290087,107.9860229,36.10640788,719685.673,0.094310965,-169759.7378,0.200000001,0.090046353,0.0008636,0.85,6,180,2680305.249,33.06108429,33.44919563
36.10640788,1000000,0.263760899,0.977309914,0.85,26035.69569,1.150003502,-79886.59502,5.83E-05,4.537666613,106.7799097,36.10640788,1000000,0.133144325,-239659.7851,0.200000001,0.090046342,0.0008636,0.85,6,180,2722525.28,33.05794546,33.3881544
36.10640788,1389495.494,0.269249363,1.003561032,0.85,26035.69569,1.14902577,-113503.0023,5.83E-05,6.775125674,105.1285539,36.10640788,1389495.494,0.189171671,-340509.0069,0.200000001,0.090046328,0.0008636,0.85,6,180,2782900.473,33.05355213,33.31344464
36.10640788,1930697.729,0.277107108,1.041181196,0.85,26035.69569,1.147811601,-162619.6512,5.83E-05,10.39065518,102.9283414,36.10640788,1930697.729,0.271032752,-487858.9535,0.200000001,0.090046309,0.0008636,0.85,6,180,2869123.372,33.04758253,33.23077997
36.10640788,2682695.795,0.288226502,1.094533181,0.85,26035.69569,1.14646448,-235239.2184,5.83E-05,16.42618753,100.1534556,36.10640788,2682695.795,0.392065364,-705717.6551,0.200000001,0.090046284,0.0008636,0.85,6,180,2990457.884,33.04007975,33.15282611
36.10640788,3727593.72,0.303518345,1.168206911,0.85,26035.69569,1.145249886,-343204.5982,5.82E-05,26.64728812,96.93928066,36.10640788,3727593.72,0.572007664,-1029613.795,0.200000001,0.090046259,0.0008636,0.85,6,180,3155558.951,33.03216199,33.09220247
36.10640788,,,,,,,,,,,,,,,,,,,,,,,
36.10640788,,,,,,,,,,,,,,,,,,,,,,,
36.10640788,,,,,,,,,,,,,,,,,,,,,,,
44.72135955,100000,0.249967457,0.911793995,0.85,26035.69569,1.119999542,-7673.76653,7.23E-05,0.399148009,109.9497369,44.72135955,100000,0.012789611,-23021.29959,0.200000001,0.090046388,0.0008636,0.85,6,180,2568119.882,33.07197809,33.46515631
44.72135955,138949.5494,0.250470494,0.914197437,0.85,26035.69569,1.119902421,-10686.10309,7.23E-05,0.558561961,109.7765401,44.72135955,138949.5494,0.017810172,-32058.30926,0.200000001,0.090046387,0.0008636,0.85,6,180,2573668.44,33.07155051,33.4571324
44.72135955,193069.7729,0.251173294,0.917555294,0.85,26035.69569,1.119767856,-14893.85184,7.23E-05,0.783837787,109.5356939,44.72135955,193069.7729,0.024823086,-44681.55552,0.200000001,0.090046385,0.0008636,0.85,6,180,2581420.604,33.07095341,33.44608878
44.72135955,268269.5795,0.252157197,0.922256175,0.85,26035.69569,1.119581684,-20783.70935,7.23E-05,1.104301724,109.2007587,44.72135955,268269.5795,0.034639516,-62351.12806,0.200000001,0.090046382,0.0008636,0.85,6,180,2592273.629,33.07011825,33.4309565
44.72135955,372759.372,0.25353841,0.928855339,0.85,26035.69569,1.119324735,-29052.3634,7.23E-05,1.564397546,108.7350731,44.72135955,372759.372,0.048420606,-87157.0902,0.200000001,0.090046378,0.0008636,0.85,6,180,2607509.133,33.06894789,33.41036544
44.72135955,517947.4679,0.255484294,0.938152647,0.85,26035.69569,1.118971568,-40708.47355,7.22E-05,2.233473032,108.0881568,44.72135955,517947.4679,0.067847456,-122125.4207,0.200000001,0.090046373,0.0008636,0.85,6,180,2628971.709,33.06730475,33.38265988
44.72135955,719685.673,0.258237734,0.951309622,0.85,26035.69569,1.118489778,-57234.54613,7.22E-05,3.223726766,107.1916999,44.72135955,719685.673,0.09539091,-171703.6384,0.200000001,0.090046365,0.0008636,0.85,6,180,2659334.316,33.06499588,33.3460829
44.72135955,1000000,0.262152252,0.970019198,0.85,26035.69569,1.117841802,-80850.83145,7.22E-05,4.724439129,105.9571497,44.72135955,1000000,0.134751386,-242552.4944,0.200000001,0.090046355,0.0008636,0.85,6,180,2702473.869,33.06176054,33.2993771
44.72135955,1389495.494,0.267735743,0.996721095,0.85,26035.69569,1.11699448,-114949.1352,7.22E-05,7.068339682,104.2815808,44.72135955,1389495.494,0.191581892,-344847.4055,0.200000001,0.09004634,0.0008636,0.85,6,180,2763916.209,33.05728496,33.24318592
44.72135955,1930697.729,0.275681571,1.034768894,0.85,26035.69569,1.115946766,-164775.1688,7.22E-05,10.85527008,102.0773112,44.72135955,1930697.729,0.274625281,-494325.5065,0.200000001,0.090046321,0.0008636,0.85,6,180,2851071.064,33.05132008,33.18212465
44.72135955,2682695.795,0.286831575,1.088296214,0.85,26035.69569,1.114780352,-238358.0567,7.22E-05,17.1518145,99.33866575,44.72135955,2682695.795,0.397263428,-715074.1701,0.200000001,0.090046297,0.0008636,0.85,6,180,2972573.331,33.04404456,33.12499164
44.72135955,3727593.72,0.302028182,1.16157948,0.85,26035.69569,1.113684617,-347484.3698,7.21E-05,27.73576514,96.20686674,44.72135955,3727593.72,0.579140616,-1042453.109,0.200000001,0.090046274,0.0008636,0.85,6,180,3136246.917,33.03673658,33.0802305
44.72135955,,,,,,,,,,,,,,,,,,,,,,,
44.72135955,,,,,,,,,,,,,,,,,,,,,,,
44.72135955,,,,,,,,,,,,,,,,,,,,,,,
55.39182981,100000,0.248535443,0.90527413,0.85,26035.69569,1.094887722,-7736.061383,8.95E-05,0.410288588,109.3755318,55.39182981,100000,0.012893436,-23208.18415,0.200000001,0.090046398,0.0008636,0.85,6,180,2550443.524,33.0751778,33.36965508
55.39182981,138949.5494,0.249048188,0.907722735,0.85,26035.69569,1.094804486,-10773.76738,8.95E-05,0.574310435,109.1975303,55.39182981,138949.5494,0.017956279,-32321.30214,0.200000001,0.090046397,0.0008636,0.85,6,180,2556106.303,33.07473474,33.36327778
55.39182981,193069.7729,0.249764469,0.911143344,0.85,26035.69569,1.094689187,-15017.78989,8.95E-05,0.806243334,108.9501561,55.39182981,193069.7729,0.02502965,-45053.36967,0.200000001,0.090046395,0.0008636,0.85,6,180,2564016.843,33.07411644,33.35451346
55.39182981,268269.5795,0.250767053,0.915931263,0.85,26035.69569,1.094529727,-20960.00804,8.95E-05,1.136454703,108.606454,55.39182981,268269.5795,0.034933347,-62880.02411,0.200000001,0.090046392,0.0008636,0.85,6,180,2575088.883,33.0732525,33.3425298
55.39182981,372759.372,0.252174033,0.922650631,0.85,26035.69569,1.094309771,-29305.13495,8.95E-05,1.61106837,108.1292219,55.39182981,372759.372,0.048841892,-87915.40484,0.200000001,0.090046388,0.0008636,0.85,6,180,2590625.54,33.07204367,33.32627301
55.39182981,517947.4679,0.254155082,0.932112325,0.85,26035.69569,1.094007732,-41074.44201,8.95E-05,2.302218433,107.4676147,55.39182981,517947.4679,0.068457403,-123223.326,0.200000001,0.090046383,0.0008636,0.85,6,180,2612497.206,33.07035058,33.30449602
55.39182981,719685.673,0.256955403,0.945489155,0.85,26035.69569,1.093596313,-57770.28254,8.95E-05,3.326816975,106.5536696,55.39182981,719685.673,0.096283804,-173310.8476,0.200000001,0.090046375,0.0008636,0.85,6,180,2643401.087,33.06798066,33.2759287
55.39182981,1000000,0.260929215,0.964478354,0.85,26035.69569,1.093044316,-81643.15054,8.95E-05,4.882101199,105.3011243,55.39182981,1000000,0.136071918,-244929.4516,0.200000001,0.090046364,0.0008636,0.85,6,180,2687216.1,33.06468053,33.23977037
55.39182981,1389495.494,0.266579105,0.991497014,0.85,26035.69569,1.092324958,-116126.1167,8.94E-05,7.313542827,103.6134687,55.39182981,1389495.494,0.193543528,-348378.3502,0.200000001,0.09004635,0.0008636,0.85,6,180,2749393.655,33.06016181,33.19672936
55.39182981,1930697.729,0.27457915,1.029812421,0.85,26035.69569,1.091438101,-166506.5298,8.94E-05,11.23844255,101.4151184,55.39182981,1930697.729,0.277510883,-499519.5893,0.200000001,0.09004633,0.0008636,0.85,6,180,2837096.504,33.05423588,33.15035839
55.39182981,2682695.795,0.285731609,1.083378345,0.85,26035.69569,1.090446432,-240824.7271,8.94E-05,17.74001283,98.71354982,55.39182981,2682695.795,0.401374545,-722474.1813,0.200000001,0.090046308,0.0008636,0.85,6,180,2958468.925,33.04718476,33.10695706
55.39182981,3727593.72,0.300833381,1.156262216,0.85,26035.69569,1.089485073,-350823.6282,8.93E-05,28.60604255,95.65095407,55.39182981,3727593.72,0.584706047,-1052470.885,0.200000001,0.090046286,0.0008636,0.85,6,180,3120782.755,33.04039267,33.0727092
55.39182981,,,,,,,,,,,,,,,,,,,,,,,
55.39182981,,,,,,,,,,,,,,,,,,,,,,,
55.39182981,,,,,,,,,,,,,,,,,,,,,,,
68.60826326,100000,0.247433415,0.900256806,0.85,26035.69569,1.075323116,-7787.629671,0.000110844,0.419696923,108.9102167,68.60826326,100000,0.012979383,-23362.88901,0.200000001,0.090046407,0.0008636,0.85,6,180,2536839.629,33.07764294,33.30129423
68.60826326,138949.5494,0.247953884,0.90274137,0.85,26035.69569,1.075252828,-10846.30425,0.000110842,0.587605704,108.7286106,68.60826326,138949.5494,0.018077174,-32538.91275,0.200000001,0.090046405,0.0008636,0.85,6,180,2542593.104,33.07718777,33.29619462
68.60826326,193069.7729,0.248680852,0.906211772,0.85,26035.69569,1.07515549,-15120.27389,0.000110839,0.825149101,108.4763699,68.60826326,193069.7729,0.025200456,-45360.82168,0.200000001,0.090046403,0.0008636,0.85,6,180,2550628.944,33.07655299,33.28919396
68.60826326,268269.5795,0.249698172,0.911068413,0.85,26035.69569,1.075020925,-21105.64694,0.000110834,1.163564257,108.1261947,68.60826326,268269.5795,0.035176078,-63316.94083,0.200000001,0.0900464,0.0008636,0.85,6,180,2561873.334,33.07566687,33.27963675
68.60826326,372759.372,0.251125322,0.917881995,0.85,26035.69569,1.074835419,-29513.64,0.000110828,1.650370515,107.6405628,68.60826326,372759.372,0.0491894,-88540.92,0.200000001,0.090046396,0.0008636,0.85,6,180,2577645.091,33.07442876,33.26670033
68.60826326,517947.4679,0.253133586,0.927471096,0.85,26035.69569,1.074580921,-41375.63683,0.000110819,2.359996371,106.9685241,68.60826326,517947.4679,0.068959395,-124126.9105,0.200000001,0.09004639,0.0008636,0.85,6,180,2599832.245,33.07269846,33.24942523
68.60826326,719685.673,0.255969541,0.941015376,0.85,26035.69569,1.074234755,-58209.64626,0.000110807,3.413183328,106.0426882,68.60826326,719685.673,0.097016077,-174628.9388,0.200000001,0.090046383,0.0008636,0.85,6,180,2631145.557,33.07028475,33.22686067
68.60826326,1000000,0.259987112,0.960211595,0.85,26035.69569,1.073771289,-82289.42089,0.00011079,5.01350063,104.7790071,68.60826326,1000000,0.137149035,-246868.2627,0.200000001,0.090046372,0.0008636,0.85,6,180,2675455.249,33.06694193,33.19845611
68.60826326,1389495.494,0.265683461,0.987453267,0.85,26035.69569,1.073168939,-117078.5337,0.000110767,7.516254608,103.0863163,68.60826326,1389495.494,0.19513089,-351235.6011,0.200000001,0.090046357,0.0008636,0.85,6,180,2738139.155,33.06240408,33.16483399
68.60826326,1930697.729,0.273716406,1.025934703,0.85,26035.69569,1.072427686,-167892.9429,0.000110736,11.55164747,100.898086,68.60826326,1930697.729,0.279821571,-503678.8286,0.200000001,0.090046338,0.0008636,0.85,6,180,2826153.285,33.05653157,33.12870085
68.60826326,2682695.795,0.284857328,1.079469161,0.85,26035.69569,1.071595004,-242776.2933,0.000110698,18.21444246,98.23062924,68.60826326,2682695.795,0.404627155,-728328.8798,0.200000001,0.090046316,0.0008636,0.85,6,180,2947260.343,33.04968547,33.09473634
68.60826326,3727593.72,0.299873891,1.151989763,0.85,26035.69569,1.070768388,-353440.791,0.000110653,29.30192804,95.22475139,68.60826326,3727593.72,0.589067985,-1060322.373,0.200000001,0.090046295,0.0008636,0.85,6,180,3108378.234,33.04331879,33.06778323
68.60826326,,,,,,,,,,,,,,,,,,,,,,,
68.60826326,,,,,,,,,,,,,,,,,,,,,,,
68.60826326,,,,,,,,,,,,,,,,,,,,,,,
84.9781241,100000,0.246577829,0.896361572,0.85,26035.69569,1.059983009,-7830.047653,0.000137285,0.427562823,108.5341161,84.9781241,100000,0.013050079,-23490.14296,0.200000001,0.090046413,0.0008636,0.85,6,180,2526277.393,33.0795586,33.25141183
84.9781241,138949.5494,0.24710441,0.898874621,0.85,26035.69569,1.059924295,-10905.94456,0.000137282,0.598717397,108.3498092,84.9781241,138949.5494,0.018176574,-32717.83367,0.200000001,0.090046411,0.0008636,0.85,6,180,2532102.517,33.07909403,33.24730069
84.9781241,193069.7729,0.247839812,0.902384348,0.85,26035.69569,1.059843006,-15204.48459,0.000137278,0.840941654,108.0939445,84.9781241,193069.7729,0.025340808,-45613.45378,0.200000001,0.090046409,0.0008636,0.85,6,180,2540237.021,33.07844651,33.24166114
84.9781241,268269.5795,0.248868706,0.907295025,0.85,26035.69569,1.059730669,-21225.20886,0.000137273,1.186192073,107.738993,84.9781241,268269.5795,0.035375348,-63675.62658,0.200000001,0.090046406,0.0008636,0.85,6,180,2551616.478,33.07754335,33.23396999
84.9781241,372759.372,0.250311596,0.914182209,0.85,26035.69569,1.059575894,-29684.58005,0.000137265,1.683136249,107.247252,84.9781241,372759.372,0.0494743,-89053.74016,0.200000001,0.090046402,0.0008636,0.85,6,180,2567571.18,33.07628305,33.2235742
84.9781241,517947.4679,0.252340882,0.923869873,0.85,26035.69569,1.059363732,-41622.06473,0.000137254,2.408076051,106.5678067,84.9781241,517947.4679,0.069370108,-124866.1942,0.200000001,0.090046396,0.0008636,0.85,6,180,2590001.192,33.07452511,33.20971863
84.9781241,719685.673,0.255203932,0.937541733,0.85,26035.69569,1.05907551,-58568.01428,0.000137238,3.484843781,105.6338996,84.9781241,719685.673,0.097613357,-175704.0428,0.200000001,0.090046388,0.0008636,0.85,6,180,2621624.32,33.07208006,33.19166564
84.9781241,1000000,0.259253917,0.956891787,0.85,26035.69569,1.058690294,-82814.14132,0.000137217,5.122032525,104.3634529,84.9781241,1000000,0.138023569,-248442.424,0.200000001,0.090046377,0.0008636,0.85,6,180,2666297.585,33.06870943,33.1690035
84.9781241,1389495.494,0.264982995,0.984291609,0.85,26035.69569,1.058190673,-117846.8255,0.000137188,7.682561113,102.6696243,84.9781241,1389495.494,0.196411376,-353540.4764,0.200000001,0.090046363,0.0008636,0.85,6,180,2729332.137,33.0641664,33.14223031
84.9781241,1930697.729,0.273035556,1.022875094,0.85,26035.69569,1.057576464,-169002.0481,0.00013715,11.80627188,100.4926867,84.9781241,1930697.729,0.28167008,-507006.1444,0.200000001,0.090046344,0.0008636,0.85,6,180,2817513.99,33.05835076,33.11341662
84.9781241,2682695.795,0.28415904,1.076346445,0.85,26035.69569,1.056883498,-244322.9868,0.000137103,18.5962392,97.85503158,84.9781241,2682695.795,0.407204978,-732968.9605,0.200000001,0.090046322,0.0008636,0.85,6,180,2938310.659,33.05168396,33.08616145
84.9781241,,,,,,,,,,,,,,,,,,,,,,,
84.9781241,,,,,,,,,,,,,,,,,,,,,,,
84.9781241,,,,,,,,,,,,,,,,,,,,,,,
84.9781241,,,,,,,,,,,,,,,,,,,,,,,
105.2538168,100000,0.245908672,0.893315156,0.85,26035.69569,1.047891248,-7864.774605,0.000170035,0.434088125,108.2305951,105.2538168,100000,0.013107958,-23594.32382,0.200000001,0.090046418,0.0008636,0.85,6,180,2518016.297,33.08105803,33.21438119
105.2538168,138949.5494,0.246440084,0.895850731,0.85,26035.69569,1.047842592,-10954.75225,0.000170031,0.607932232,108.0442586,105.2538168,138949.5494,0.01825792,-32864.25675,0.200000001,0.090046416,0.0008636,0.85,6,180,2523897.937,33.08058615,33.21103576
105.2538168,193069.7729,0.247182132,0.899391477,0.85,26035.69569,1.047775245,-15273.36152,0.000170026,0.854031908,107.785686,105.2538168,193069.7729,0.025455603,-45820.08456,0.200000001,0.090046414,0.0008636,0.85,6,180,2532110.045,33.07992877,33.2064484
105.2538168,268269.5795,0.248220113,0.904344615,0.85,26035.69569,1.047682206,-21322.92083,0.000170019,1.204934472,107.4271964,105.2538168,268269.5795,0.035538201,-63968.76249,0.200000001,0.090046411,0.0008636,0.85,6,180,2543595.302,33.07901255,33.20019561
105.2538168,372759.372,0.249675288,0.911289313,0.85,26035.69569,1.047554082,-29824.11488,0.000170009,1.71024638,106.9309915,105.2538168,372759.372,0.049706858,-89472.34465,0.200000001,0.090046407,0.0008636,0.85,6,180,2559692.428,33.0777354,33.19175008
105.2538168,517947.4679,0.251720842,0.921053352,0.85,26035.69569,1.047378579,-41822.86513,0.000169995,2.447791159,106.24626,105.2538168,517947.4679,0.069704775,-125468.5954,0.200000001,0.090046401,0.0008636,0.85,6,180,2582309.739,33.07595686,33.18050405
105.2538168,719685.673,0.254604573,0.934822778,0.85,26035.69569,1.047140402,-58859.26857,0.000169976,3.543887454,105.3068537,105.2538168,719685.673,0.098098781,-176577.8057,0.200000001,0.090046393,0.0008636,0.85,6,180,2614168.255,33.07348933,33.16586576
105.2538168,1000000,0.258678734,0.954287926,0.85,26035.69569,1.046822519,-83238.98165,0.000169949,5.211113393,104.0323746,105.2538168,1000000,0.138731636,-249716.945,0.200000001,0.090046382,0.0008636,0.85,6,180,2659110.626,33.07010073,33.14750257
105.2538168,1389495.494,0.264431094,0.98180102,0.85,26035.69569,1.046410857,-118465.6271,0.000169913,7.818306974,102.3394335,105.2538168,1389495.494,0.197442712,-355396.8813,0.200000001,0.090046367,0.0008636,0.85,6,180,2722390.101,33.06556016,33.12579171
105.2538168,1930697.729,0.272495061,1.020446475,0.85,26035.69569,1.045905036,-169889.44,0.000169866,12.01259566,100.1734615,105.2538168,1930697.729,0.283149067,-509668.3201,0.200000001,0.090046349,0.0008636,0.85,6,180,2810654.159,33.05979904,33.10233205
105.2538168,2682695.795,0.283599613,1.07384432,0.85,26035.69569,1.045332165,-245551.5879,0.000169808,18.90324401,97.56110351,105.2538168,2682695.795,0.409252647,-736654.7638,0.200000001,0.090046327,0.0008636,0.85,6,180,2931143,33.0532849,33.07997719
105.2538168,,,,,,,,,,,,,,,,,,,,,,,
105.2538168,,,,,,,,,,,,,,,,,,,,,,,
105.2538168,,,,,,,,,,,,,,,,,,,,,,,
105.2538168,,,,,,,,,,,,,,,,,,,,,,,
130.367269,100000,0.245382146,0.890918118,0.85,26035.69569,1.038317985,-7893.106338,0.000210599,0.439468944,107.9858521,130.367269,100000,0.013155177,-23679.31901,0.200000001,0.090046421,0.0008636,0.85,6,180,2511515.828,33.08223862,33.18647863
130.367269,138949.5494,0.245917377,0.893471515,0.85,26035.69569,1.038277904,-10994.55823,0.000210594,0.615528578,107.797982,130.367269,138949.5494,0.018324264,-32983.67468,0.200000001,0.09004642,0.0008636,0.85,6,180,2517442.074,33.08176105,33.18372842
130.367269,193069.7729,0.246664667,0.897036747,0.85,26035.69569,1.038222437,-15329.50819,0.000210587,0.864818296,107.5373739,130.367269,193069.7729,0.02554918,-45988.52456,0.200000001,0.090046418,0.0008636,0.85,6,180,2525715.283,33.08109605,33.17995765
130.367269,268269.5795,0.247709792,0.902023297,0.85,26035.69569,1.038145833,-21402.5176,0.000210578,1.220368363,107.1762458,130.367269,268269.5795,0.035670863,-64207.55279,0.200000001,0.090046415,0.0008636,0.85,6,180,2537283.548,33.08016976,33.17481853
130.367269,372759.372,0.249174579,0.909013038,0.85,26035.69569,1.038040384,-29937.66564,0.000210566,1.732549694,106.6767545,130.367269,372759.372,0.049896109,-89812.99692,0.200000001,0.090046411,0.0008636,0.85,6,180,2553491.832,33.07887977,33.16787805
130.367269,517947.4679,0.251232765,0.918836464,0.85,26035.69569,1.037896029,-41986.03045,0.000210549,2.480417936,105.988218,130.367269,517947.4679,0.069976717,-125958.0914,0.200000001,0.090046405,0.0008636,0.85,6,180,2576254.154,33.07708581,33.15863661
130.367269,719685.673,0.25413237,0.932680908,0.85,26035.69569,1.037700287,-59095.42265,0.000210525,3.592288944,105.045037,130.367269,719685.673,0.098492371,-177286.2679,0.200000001,0.090046397,0.0008636,0.85,6,180,2608292.56,33.07460204,33.14660495
130.367269,1000000,0.258224714,0.952232872,0.85,26035.69569,1.037439326,-83582.38503,0.000210492,5.283905566,103.7682139,130.367269,1000000,0.139303975,-250747.1551,0.200000001,0.090046386,0.0008636,0.85,6,180,2653435.85,33.07120188,33.13149694
130.367269,1389495.494,0.263993819,0.979828002,0.85,26035.69569,1.037101762,-118963.7091,0.000210447,7.928731249,102.0771066,130.367269,1389495.494,0.198272848,-356891.1273,0.200000001,0.090046371,0.0008636,0.85,6,180,2716888.185,33.0666676,33.11358543
130.367269,1930697.729,0.272064172,1.018510463,0.85,26035.69569,1.036687067,-170599.9423,0.000210389,12.1794586,99.92109661,130.367269,1930697.729,0.284333237,-511799.8269,0.200000001,0.090046352,0.0008636,0.85,6,180,2805184.746,33.06095587,33.09411819
130.367269,2682695.795,0.283150537,1.071835458,0.85,26035.69569,1.036215865,-246529.8128,0.000210317,19.15009544,97.32984693,130.367269,2682695.795,0.410883021,-739589.4383,0.200000001,0.090046332,0.0008636,0.85,6,180,2925390.962,33.05456955,33.07541848
130.367269,,,,,,,,,,,,,,,,,,,,,,,
130.367269,,,,,,,,,,,,,,,,,,,,,,,
130.367269,,,,,,,,,,,,,,,,,,,,,,,
130.367269,,,,,,,,,,,,,,,,,,,,,,,
161.4727649,100000,0.244965796,0.889022692,0.85,26035.69569,1.030711136,-7916.16152,0.000260841,0.443885598,107.788579,161.4727649,100000,0.013193603,-23748.48456,0.200000001,0.090046425,0.0008636,0.85,6,180,2506375.46,33.08317267,33.16518754
161.4727649,138949.5494,0.245504051,0.89159021,0.85,26035.69569,1.030678268,-11026.94137,0.000260835,0.621762134,107.5995422,161.4727649,138949.5494,0.018378236,-33080.8241,0.200000001,0.090046423,0.0008636,0.85,6,180,2512336.973,33.08269067,33.16290213
161.4727649,193069.7729,0.246255485,0.895174807,0.85,26035.69569,1.030632788,-15375.16619,0.000260827,0.873666249,107.3373927,161.4727649,193069.7729,0.025625277,-46125.49856,0.200000001,0.090046421,0.0008636,0.85,6,180,2520658.395,33.08201972,33.15976816
161.4727649,268269.5795,0.24730624,0.900187711,0.85,26035.69569,1.030569993,-21467.20698,0.000260815,1.233021637,106.974281,161.4727649,268269.5795,0.035778678,-64401.62094,0.200000001,0.090046418,0.0008636,0.85,6,180,2532291.962,33.08108566,33.15549592
161.4727649,372759.372,0.248778571,0.907212839,0.85,26035.69569,1.030483582,-30029.87154,0.0002608,1.750819941,106.4723482,161.4727649,372759.372,0.050049786,-90089.61462,0.200000001,0.090046414,0.0008636,0.85,6,180,2548587.306,33.07978582,33.14972394
161.4727649,517947.4679,0.250846611,0.917082641,0.85,26035.69569,1.030365346,-42118.36141,0.000260778,2.507112665,105.7810447,161.4727649,517947.4679,0.070197269,-126355.0842,0.200000001,0.090046408,0.0008636,0.85,6,180,2571462.429,33.07798023,33.14203325
161.4727649,719685.673,0.253758474,0.93098511,0.85,26035.69569,1.030205131,-59286.60878,0.000260748,3.631819358,104.8352479,161.4727649,719685.673,0.098811015,-177859.8263,0.200000001,0.0900464,0.0008636,0.85,6,180,2603639.213,33.07548463,33.13200846
161.4727649,1000000,0.257864613,0.950603115,0.85,26035.69569,1.029991718,-83859.7001,0.000260707,5.343200566,103.557112,161.4727649,1000000,0.139766167,-251579.1003,0.200000001,0.090046388,0.0008636,0.85,6,180,2648933.895,33.07207709,33.11939171
161.4727649,1389495.494,0.263645904,0.978258352,0.85,26035.69569,1.02971589,-119364.5741,0.000260652,8.018351782,101.8681805,161.4727649,1389495.494,0.198940957,-358093.7224,0.200000001,0.090046374,0.0008636,0.85,6,180,2712509.621,33.06755065,33.10436982
161.4727649,1930697.729,0.271719612,1.016962381,0.85,26035.69569,1.029377041,-171169.3546,0.00026058,12.31425859,99.72088664,161.4727649,1930697.729,0.285282258,-513508.0638,0.200000001,0.090046355,0.0008636,0.85,6,180,2800810.862,33.06188218,33.0879268
161.4727649,2682695.795,0.282789548,1.070220425,0.85,26035.69569,1.028990975,-247310.4035,0.000260491,19.34863864,97.1470632,161.4727649,2682695.795,0.412184006,-741931.2106,0.200000001,0.090046335,0.0008636,0.85,6,180,2920768.454,33.05560169,33.07199865
161.4727649,,,,,,,,,,,,,,,,,,,,,,,
161.4727649,,,,,,,,,,,,,,,,,,,,,,,
161.4727649,,,,,,,,,,,,,,,,,,,,,,,
161.4727649,,,,,,,,,,,,,,,,,,,,,,,
200,100000,0.244635247,0.887517885,0.85,26035.69569,1.024648768,-7934.887467,0.00032307,0.447497989,107.6295844,200,100000,0.013224812,-23804.6624,0.200000001,0.090046427,0.0008636,0.85,6,180,2502294.308,33.08391455,33.14877007
200,138949.5494,0.245175902,0.890096614,0.85,26035.69569,1.024621905,-11053.23736,0.000323063,0.626859431,107.4396535,200,138949.5494,0.018422062,-33159.71209,0.200000001,0.090046425,0.0008636,0.85,6,180,2508283.771,33.08342908,33.14684932
200,193069.7729,0.245930618,0.893696563,0.85,26035.69569,1.024584741,-15412.22905,0.000323053,0.880899064,107.1763277,200,193069.7729,0.025687048,-46236.68714,0.200000001,0.090046423,0.0008636,0.85,6,180,2516643.335,33.0827535,33.14421442
200,268269.5795,0.246985823,0.898730312,0.85,26035.69569,1.024533436,-21519.69286,0.000323039,1.243360313,106.811712,200,268269.5795,0.035866155,-64559.07859,0.200000001,0.09004642,0.0008636,0.85,6,180,2528328.436,33.08181339,33.14062056
200,372759.372,0.248464097,0.905783337,0.85,26035.69569,1.024462858,-30104.63039,0.000323019,1.765737921,106.3079478,200,372759.372,0.050174384,-90313.89117,0.200000001,0.090046416,0.0008636,0.85,6,180,2544692.228,33.08050597,33.13576115
200,517947.4679,0.250539858,0.915689514,0.85,26035.69569,1.024366323,-42225.54417,0.000322993,2.528887473,105.6146099,200,517947.4679,0.070375907,-126676.6325,0.200000001,0.09004641,0.0008636,0.85,6,180,2567655.525,33.07869154,33.12927822
200,719685.673,0.253461245,0.929637132,0.85,26035.69569,1.024235586,-59441.23703,0.000322955,3.664016465,104.66698,200,719685.673,0.099068728,-178323.7111,0.200000001,0.090046402,0.0008636,0.85,6,180,2599939.451,33.07618723,33.12081071
200,1000000,0.257577939,0.949305787,0.85,26035.69569,1.024061554,-84083.53181,0.000322904,5.39139229,103.3881534,200,1000000,0.14013922,-252250.5954,0.200000001,0.090046391,0.0008636,0.85,6,180,2645349.241,33.072775,33.11011856
200,1389495.494,0.2633682,0.977005569,0.85,26035.69569,1.023836766,-119687.247,0.000322836,8.090975128,101.7014138,200,1389495.494,0.199478745,-359061.741,0.200000001,0.090046376,0.0008636,0.85,6,180,2709014.092,33.06825666,33.09731914
200,1930697.729,0.271443469,1.015721704,0.85,26035.69569,1.023560598,-171626.1526,0.000322747,12.42309043,99.56157027,200,1930697.729,0.286043588,-514878.4577,0.200000001,0.090046358,0.0008636,0.85,6,180,2797305.366,33.06262527,33.08319612
200,2682695.795,0.282499082,1.068920753,0.85,26035.69569,1.023245243,-247934.5114,0.000322637,19.50839688,97.00203537,200,2682695.795,0.413224186,-743803.5343,0.200000001,0.090046338,0.0008636,0.85,6,180,2917049.858,33.05643177,33.06939676
200,,,,,,,,,,,,,,,,,,,,,,,
200,,,,,,,,,,,,,,,,,,,,,,,
200,,,,,,,,,,,,,,,,,,,,,,,
200,,,,,,,,,,,,,,,,,,,,,,,